asset_id,attack,severity,oqi,target_oqi,predicted_attack,confidence,low_quality_patches,low_patch_centers
B340741780701063A0,clean,0.0,98.70094299316406,100.0,clean,0.9912603497505188,6;5;14,"[[0.19779999554157257, 0.027499999850988388, -0.2960599958896637], [0.14409999549388885, 0.07018999755382538, 0.18501999974250793], [0.05090999975800514, 0.01696000061929226, -0.38679999113082886]]"
B341241778301063A0,clean,0.0,98.63298797607422,100.0,clean,0.9046976566314697,6;0;3,"[[0.3783699870109558, 0.051589999347925186, 0.0056500001810491085], [0.4022499918937683, 0.048700001090765, 0.21911999583244324], [0.16297000646591187, 0.05364000052213669, -0.04915999993681908]]"
B341581788502063A0,clean,0.0,99.06077575683594,100.0,clean,0.9963674545288086,1;10;9,"[[0.3926999866962433, -0.02250000089406967, -0.09105999767780304], [0.24456000328063965, 0.003640000009909272, -0.09788999706506729], [0.08730000257492065, 0.010739999823272228, -0.14422999322414398]]"
B341581788801063A0,clean,0.0,99.54867553710938,100.0,clean,0.9997250437736511,12;6;2,"[[0.19083000719547272, 0.0747700035572052, 0.20674000680446625], [0.2656700015068054, -0.039500001817941666, 0.09516999870538712], [0.0754299983382225, -0.03791999816894531, 0.2954599857330322]]"
B342151781501063A0,clean,0.0,75.9934310913086,100.0,camera_jitter12,0.8566400408744812,1;11;2,"[[0.30305999517440796, -0.016289999708533287, -0.2669000029563904], [0.0561399981379509, -0.008960000239312649, 0.27702999114990234], [0.13954000174999237, -0.03424999862909317, 0.15964999794960022]]"
B342351793101063A0,clean,0.0,99.03026580810547,100.0,clean,0.9769743084907532,11;0;9,"[[0.33357998728752136, 0.10486999899148941, -0.051600001752376556], [0.32265999913215637, 0.0003000000142492354, -0.05835999920964241], [0.20774999260902405, 0.0782100036740303, 0.07540000230073929]]"
B342841785101063A0,clean,0.0,91.29915618896484,100.0,connected_crop,0.6752339005470276,4;6;3,"[[0.03254000097513199, 0.06168999895453453, 0.04834999889135361], [0.15282000601291656, 0.03448000177741051, -0.17601999640464783], [0.2698900103569031, 0.0422700010240078, -0.0926399976015091]]"
B343131781801063A0,clean,0.0,73.95208740234375,100.0,camera_jitter12,0.9999146461486816,0;10;9,"[[0.3188000023365021, -0.08596000075340271, -0.26262998580932617], [0.21827000379562378, -0.021390000358223915, -0.15546000003814697], [0.16370999813079834, -0.04548000171780586, -0.3027400076389313]]"
B343341787401063A0,clean,0.0,98.83609771728516,100.0,clean,0.9766588807106018,2;0;1,"[[0.26837998628616333, -0.04811999946832657, 0.013170000165700912], [0.017340000718832016, 0.037289999425411224, 0.21146999299526215], [-0.06415999680757523, -0.05821000039577484, -0.28174999356269836]]"
B343811783101062A0,clean,0.0,80.21903228759766,100.0,retriangulate,0.8737582564353943,8;5;1,"[[0.22641000151634216, 0.0421999990940094, -0.10835999995470047], [0.21799999475479126, -0.025550000369548798, -0.09982000291347504], [0.3004400134086609, 0.04148999974131584, -0.2128400057554245]]"
B354191720501063A0,clean,0.0,98.79561614990234,100.0,clean,0.9463625550270081,7;6;15,"[[0.267659991979599, -0.015589999966323376, 0.12605999410152435], [0.25738999247550964, -0.013299999758601189, -0.2062000036239624], [0.1901099979877472, -0.015690000727772713, -0.11210999637842178]]"
B355381731601063A0,clean,0.0,70.18728637695312,100.0,connected_crop,0.4849884808063507,2;11;5,"[[0.13269999623298645, -0.007199999876320362, 0.12058000266551971], [0.1469700038433075, -0.3626599907875061, 0.13676999509334564], [0.19436000287532806, -0.3641799986362457, -0.06306999921798706]]"
B356631735402063A0,clean,0.0,96.3235092163086,100.0,jpeg50,0.75532466173172,2;14;10,"[[0.21322999894618988, -0.006779999937862158, -0.1722699999809265], [0.2357800006866455, -0.05000000074505806, 0.09872999787330627], [0.18745000660419464, -0.05046999827027321, -0.3669399917125702]]"
B356701722402063A0,clean,0.0,99.08963012695312,100.0,clean,0.9978587031364441,0;5;3,"[[0.37053000926971436, 0.0072200000286102295, -0.0207700002938509], [0.15068000555038452, 0.0007699999841861427, -0.0838799998164177], [0.05651000142097473, -0.008670000359416008, -0.289029985666275]]"
B357521725801063A1,clean,0.0,71.81291198730469,100.0,camera_jitter12,0.783729076385498,8;1;2,"[[0.2384600043296814, -0.06210999935865402, -0.13715000450611115], [0.1159299984574318, -0.11704999953508377, -0.3655399978160858], [0.28711000084877014, -0.11412999778985977, 0.1290999948978424]]"
B358161715701063A0,clean,0.0,90.93941497802734,100.0,occlusion20,0.6764823794364929,0;7;6,"[[0.2215700000524521, -0.30893999338150024, -0.19434000551700592], [-0.1837099939584732, 0.3400599956512451, -0.10145000368356705], [0.16787999868392944, 0.3361699879169464, 0.119159996509552]]"
B358341716301063A0,clean,0.0,84.59076690673828,100.0,camera_jitter12,0.7959218621253967,0;14;11,"[[0.1301099956035614, 0.011210000142455101, -0.24309000372886658], [-0.04207000136375427, 0.01116000022739172, -0.2518500089645386], [0.230880007147789, -0.026399999856948853, 0.045010000467300415]]"
B358341727001063A0,clean,0.0,99.557373046875,100.0,clean,0.9994059801101685,8;3;0,"[[0.08032000064849854, -0.09331999719142914, -0.29047998785972595], [0.247079998254776, 0.05378999933600426, -0.14590999484062195], [0.22109000384807587, 0.04901000112295151, 0.32589998841285706]]"
B358411737101063A1,clean,0.0,96.14558410644531,100.0,occlusion20,0.8331224322319031,0;14;9,"[[0.3331100046634674, 0.006240000016987324, 0.13630999624729156], [0.33142998814582825, 0.10446999967098236, 0.08648999780416489], [0.18254999816417694, 0.11294999718666077, 0.15764999389648438]]"
B358471720201063A0,clean,0.0,98.4760971069336,100.0,clean,0.9442849159240723,6;2;12,"[[0.03187999874353409, -0.10721000283956528, -0.17900000512599945], [0.11922000348567963, 0.028429999947547913, 0.023360000923275948], [0.013559999875724316, 0.002839999971911311, -0.10332000255584717]]"
B358631736902063A1,clean,0.0,98.7457504272461,100.0,clean,0.9793077111244202,0;12;13,"[[0.37353000044822693, -0.027710000053048134, 0.1997399926185608], [0.036159999668598175, -0.018629999831318855, 0.055479999631643295], [-0.012249999679625034, -0.026820000261068344, -0.2710599899291992]]"
B358651726301063A0,clean,0.0,76.2208251953125,100.0,connected_crop,0.983797013759613,0;11;7,"[[0.3695400059223175, 0.12032999843358994, -0.02273000031709671], [0.2882100045681, 0.028850000351667404, 0.08968000113964081], [0.20830999314785004, 0.02271999977529049, -0.18355000019073486]]"
B358681737301063A0,clean,0.0,49.65144348144531,100.0,connected_crop,0.9990252256393433,2;5;15,"[[0.019139999523758888, 0.3222000002861023, 0.3347100019454956], [-0.01278000045567751, 0.3239099979400635, -0.0195700004696846], [-0.005570000037550926, 0.3206399977207184, -0.18564000725746155]]"
B358801736201063A0,clean,0.0,75.59403991699219,100.0,downsample32,0.875644326210022,3;14;8,"[[0.25940001010894775, 0.3590399920940399, 0.040709998458623886], [-0.14385999739170074, 0.3644999861717224, -0.003019999945536256], [0.19053000211715698, 0.09070999920368195, 0.05059000104665756]]"
B358881720201063A0,clean,0.0,80.25784301757812,100.0,camera_jitter12,0.8217548131942749,6;10;3,"[[0.09544000029563904, 0.07677000015974045, -0.13773000240325928], [-0.032749999314546585, 0.08233000338077545, 0.1298999935388565], [-0.04092000052332878, 0.08669999986886978, 0.12212999910116196]]"
B358951724501063A0,clean,0.0,99.22622680664062,100.0,clean,0.9931201934814453,0;5;7,"[[0.3463299870491028, 0.08799999952316284, -0.16419999301433563], [0.36594998836517334, 0.11570999771356583, 0.12710000574588776], [0.14674000442028046, 0.04261000081896782, -0.1919499933719635]]"
B358971725201063A0,clean,0.0,79.27608489990234,100.0,camera_jitter12,0.9830310344696045,0;4;6,"[[1.9999999494757503e-05, 0.03849999979138374, 9.000000136438757e-05], [1.9999999494757503e-05, 0.03849999979138374, 9.000000136438757e-05], [1.9999999494757503e-05, 0.03849999979138374, 9.000000136438757e-05]]"
B358971737901063A0,clean,0.0,99.37129974365234,100.0,clean,0.9991967082023621,2;10;0,"[[0.20961999893188477, 0.2543199956417084, -0.18524999916553497], [0.22156000137329102, -0.13334999978542328, 0.08500999957323074], [0.18838000297546387, -0.28850001096725464, -0.12255000323057175]]"
B359021721701063A0,clean,0.0,86.41642761230469,100.0,occlusion20,0.5558274388313293,2;9;15,"[[0.1855500042438507, 0.0524899996817112, 0.017820000648498535], [0.17600999772548676, 0.042649999260902405, -0.11715999990701675], [0.17034000158309937, 0.061900001019239426, -0.08107999712228775]]"
B359531738801063A0,clean,0.0,97.65614318847656,100.0,clean,0.8789516091346741,12;3;13,"[[0.07525999844074249, 0.21928000450134277, -0.012690000236034393], [0.07580000162124634, 0.21901999413967133, 0.009229999966919422], [-0.040470000356435776, 0.34040001034736633, 0.026639999821782112]]"
B359621716601063A1,clean,0.0,75.13410186767578,100.0,camera_jitter12,0.9967048764228821,1;15;6,"[[0.43494999408721924, 0.05959000065922737, 0.00482999999076128], [0.31595999002456665, 0.05923999845981598, 0.0817900002002716], [0.20389999449253082, 0.1130099967122078, -0.0035099999513477087]]"
B359761718602063A1,clean,0.0,99.40518188476562,100.0,clean,0.9992009997367859,6;3;15,"[[0.286080002784729, 0.02232999913394451, 0.025189999490976334], [-0.032919999212026596, -0.005489999894052744, -0.05477000027894974], [0.1267700046300888, 0.016850000247359276, 0.007499999832361937]]"
B340741780701063A0,connected_crop,0.20000000298023224,45.96367645263672,70.03970336914062,connected_crop,0.9999914169311523,5;0;3,"[[0.11063999682664871, 0.07677999883890152, 0.2063400000333786], [0.012090000323951244, 0.03460000082850456, -0.36329999566078186], [0.1212100014090538, 0.06052999943494797, -0.0647599995136261]]"
B340741780701063A0,connected_crop,0.4000000059604645,40.47323989868164,56.71377182006836,connected_crop,0.999990701675415,9;3;0,"[[0.07158000022172928, 0.058139998465776443, -0.1429000049829483], [0.11203999817371368, 0.06723999977111816, 0.022789999842643738], [0.004639999940991402, 0.050530001521110535, -0.20507000386714935]]"
B340741780701063A0,hole,0.10000000149011612,98.1302719116211,84.50474548339844,clean,0.974395751953125,6;5;14,"[[0.19779999554157257, 0.027499999850988388, -0.2960599958896637], [0.14409999549388885, 0.07018999755382538, 0.18501999974250793], [0.05090999975800514, 0.01696000061929226, -0.38679999113082886]]"
B340741780701063A0,hole,0.20000000298023224,80.83421325683594,67.63615417480469,hole,0.9955406785011292,4;13;5,"[[0.184129998087883, 0.022280000150203705, -0.321150004863739], [0.1699800044298172, 0.02589000016450882, -0.33379000425338745], [0.13142000138759613, 0.07393000274896622, 0.2125300019979477]]"
B340741780701063A0,retriangulate,0.5,59.0657844543457,65.08307647705078,retriangulate,0.9995531439781189,6;11;5,"[[0.2033199965953827, 0.030069999396800995, -0.29019999504089355], [0.10374999791383743, 0.0727199986577034, 0.33496999740600586], [0.13913999497890472, 0.07496000081300735, 0.1766899973154068]]"
B340741780701063A0,jpeg50,0.5,73.10490417480469,72.95254516601562,jpeg50,0.9999767541885376,6;5;14,"[[0.19779999554157257, 0.027499999850988388, -0.2960599958896637], [0.14409999549388885, 0.07018999755382538, 0.18501999974250793], [0.05090999975800514, 0.01696000061929226, -0.38679999113082886]]"
B340741780701063A0,blur1.5,0.5,63.74095153808594,70.19181060791016,blur1.5,0.9998700618743896,6;5;14,"[[0.19779999554157257, 0.027499999850988388, -0.2960599958896637], [0.14409999549388885, 0.07018999755382538, 0.18501999974250793], [0.05090999975800514, 0.01696000061929226, -0.38679999113082886]]"
B340741780701063A0,brightness0.55,0.44999998807907104,32.953758239746094,36.54878616333008,brightness0.55,0.9999452829360962,6;5;14,"[[0.19779999554157257, 0.027499999850988388, -0.2960599958896637], [0.14409999549388885, 0.07018999755382538, 0.18501999974250793], [0.05090999975800514, 0.01696000061929226, -0.38679999113082886]]"
B340741780701063A0,downsample32,0.6666666865348816,53.02397155761719,61.54623031616211,downsample32,0.9999032020568848,6;5;14,"[[0.19779999554157257, 0.027499999850988388, -0.2960599958896637], [0.14409999549388885, 0.07018999755382538, 0.18501999974250793], [0.05090999975800514, 0.01696000061929226, -0.38679999113082886]]"
B340741780701063A0,occlusion20,0.20000000298023224,80.97068786621094,74.78865051269531,occlusion20,0.9999505281448364,6;5;14,"[[0.19779999554157257, 0.027499999850988388, -0.2960599958896637], [0.14409999549388885, 0.07018999755382538, 0.18501999974250793], [0.05090999975800514, 0.01696000061929226, -0.38679999113082886]]"
B340741780701063A0,background_shift,0.5,74.23894500732422,75.0,background_shift,0.9999303817749023,6;5;14,"[[0.19779999554157257, 0.027499999850988388, -0.2960599958896637], [0.14409999549388885, 0.07018999755382538, 0.18501999974250793], [0.05090999975800514, 0.01696000061929226, -0.38679999113082886]]"
B340741780701063A0,camera_jitter12,0.5,75.12190246582031,75.0,camera_jitter12,0.9998914003372192,6;5;14,"[[0.19779999554157257, 0.027499999850988388, -0.2960599958896637], [0.14409999549388885, 0.07018999755382538, 0.18501999974250793], [0.05090999975800514, 0.01696000061929226, -0.38679999113082886]]"
B341241778301063A0,connected_crop,0.20000000298023224,57.1690559387207,65.6121826171875,connected_crop,0.999988317489624,14;5;0,"[[0.4151400029659271, 0.04828000068664551, -0.011669999919831753], [0.37038999795913696, 0.05858999863266945, -0.05618999898433685], [0.4178600013256073, 0.05059000104665756, 0.183119997382164]]"
B341241778301063A0,connected_crop,0.4000000059604645,50.20097351074219,52.330928802490234,connected_crop,0.9998680353164673,1;6;13,"[[0.4009400010108948, 0.0537399984896183, -0.03869999945163727], [0.42006999254226685, 0.050859998911619186, 0.17736999690532684], [0.4319399893283844, 0.03562000021338463, 0.1399500072002411]]"
B341241778301063A0,hole,0.10000000149011612,54.891361236572266,80.63211059570312,connected_crop,0.999980092048645,0;3;6,"[[0.3393400013446808, 0.055080000311136246, 0.1291400045156479], [0.16297000646591187, 0.05364000052213669, -0.04915999993681908], [0.321289986371994, 0.06357000023126602, 0.01013999991118908]]"
B341241778301063A0,hole,0.20000000298023224,54.75148391723633,75.40715026855469,connected_crop,0.9998800754547119,6;0;3,"[[0.3752500116825104, 0.05186000093817711, 0.0007999999797903001], [0.4022499918937683, 0.048700001090765, 0.21911999583244324], [0.14010000228881836, 0.06445000320672989, -0.05115000158548355]]"
B341241778301063A0,retriangulate,0.5,58.36325454711914,63.53227615356445,retriangulate,0.9998300075531006,6;14;0,"[[0.3834100067615509, 0.043790001422166824, 0.0010600000387057662], [0.3689599931240082, 0.0421300008893013, -0.01319000031799078], [0.4022499918937683, 0.048700001090765, 0.21911999583244324]]"
B341241778301063A0,jpeg50,0.5,73.1286849975586,73.16632843017578,jpeg50,0.9997064471244812,6;0;3,"[[0.3783699870109558, 0.051589999347925186, 0.0056500001810491085], [0.4022499918937683, 0.048700001090765, 0.21911999583244324], [0.16297000646591187, 0.05364000052213669, -0.04915999993681908]]"
B341241778301063A0,blur1.5,0.5,64.67850494384766,70.34896850585938,blur1.5,0.998671293258667,6;0;3,"[[0.3783699870109558, 0.051589999347925186, 0.0056500001810491085], [0.4022499918937683, 0.048700001090765, 0.21911999583244324], [0.16297000646591187, 0.05364000052213669, -0.04915999993681908]]"
B341241778301063A0,brightness0.55,0.44999998807907104,32.826053619384766,36.61152267456055,brightness0.55,0.9998506307601929,6;0;3,"[[0.3783699870109558, 0.051589999347925186, 0.0056500001810491085], [0.4022499918937683, 0.048700001090765, 0.21911999583244324], [0.16297000646591187, 0.05364000052213669, -0.04915999993681908]]"
B341241778301063A0,downsample32,0.6666666865348816,54.9396858215332,61.77631759643555,downsample32,0.9993917942047119,6;0;3,"[[0.3783699870109558, 0.051589999347925186, 0.0056500001810491085], [0.4022499918937683, 0.048700001090765, 0.21911999583244324], [0.16297000646591187, 0.05364000052213669, -0.04915999993681908]]"
B341241778301063A0,occlusion20,0.20000000298023224,78.07272338867188,75.62281799316406,occlusion20,0.9994663596153259,6;0;3,"[[0.3783699870109558, 0.051589999347925186, 0.0056500001810491085], [0.4022499918937683, 0.048700001090765, 0.21911999583244324], [0.16297000646591187, 0.05364000052213669, -0.04915999993681908]]"
B341241778301063A0,background_shift,0.5,73.28977966308594,75.0,background_shift,0.9993171691894531,6;0;3,"[[0.3783699870109558, 0.051589999347925186, 0.0056500001810491085], [0.4022499918937683, 0.048700001090765, 0.21911999583244324], [0.16297000646591187, 0.05364000052213669, -0.04915999993681908]]"
B341241778301063A0,camera_jitter12,0.5,75.18669891357422,75.0,camera_jitter12,0.9945887327194214,6;0;3,"[[0.3783699870109558, 0.051589999347925186, 0.0056500001810491085], [0.4022499918937683, 0.048700001090765, 0.21911999583244324], [0.16297000646591187, 0.05364000052213669, -0.04915999993681908]]"
B341581788502063A0,connected_crop,0.20000000298023224,75.7651596069336,66.9239501953125,connected_crop,0.8423187136650085,8;3;7,"[[0.26401999592781067, 0.026920000091195107, 0.09116999804973602], [0.3237600028514862, 0.022830000147223473, -0.10538999736309052], [0.10891000181436539, 0.011420000344514847, -0.2183700054883957]]"
B341581788502063A0,connected_crop,0.4000000059604645,76.96189880371094,57.37112808227539,connected_crop,0.9543089866638184,8;3;7,"[[0.26401999592781067, 0.026920000091195107, 0.09116999804973602], [0.3237600028514862, 0.022830000147223473, -0.10538999736309052], [0.10891000181436539, 0.011420000344514847, -0.2183700054883957]]"
B341581788502063A0,hole,0.10000000149011612,72.62743377685547,83.3163833618164,hole,0.9977189898490906,1;10;9,"[[0.3926999866962433, -0.02250000089406967, -0.09105999767780304], [0.24456000328063965, 0.003640000009909272, -0.09788999706506729], [0.08730000257492065, 0.010739999823272228, -0.14422999322414398]]"
B341581788502063A0,hole,0.20000000298023224,65.20494079589844,77.50420379638672,hole,0.9804390668869019,1;15;11,"[[0.3926999866962433, -0.02250000089406967, -0.09105999767780304], [0.06040000170469284, 0.013570000417530537, -0.07246000319719315], [0.25543999671936035, 0.00925000011920929, -0.08287999778985977]]"
B341581788502063A0,retriangulate,0.5,58.31697082519531,67.29997253417969,retriangulate,0.9995225667953491,0;10;2,"[[0.3926999866962433, -0.02250000089406967, -0.09105999767780304], [0.2397100031375885, 0.0042500002309679985, -0.09511999785900116], [0.06456000357866287, -0.02304000034928322, 0.29089999198913574]]"
B341581788502063A0,jpeg50,0.5,72.799560546875,71.38345336914062,jpeg50,0.9998950958251953,1;10;9,"[[0.3926999866962433, -0.02250000089406967, -0.09105999767780304], [0.24456000328063965, 0.003640000009909272, -0.09788999706506729], [0.08730000257492065, 0.010739999823272228, -0.14422999322414398]]"
B341581788502063A0,blur1.5,0.5,63.892173767089844,68.20551300048828,blur1.5,0.999908447265625,1;10;9,"[[0.3926999866962433, -0.02250000089406967, -0.09105999767780304], [0.24456000328063965, 0.003640000009909272, -0.09788999706506729], [0.08730000257492065, 0.010739999823272228, -0.14422999322414398]]"
B341581788502063A0,brightness0.55,0.44999998807907104,33.071083068847656,35.94845962524414,brightness0.55,0.9997791647911072,1;10;9,"[[0.3926999866962433, -0.02250000089406967, -0.09105999767780304], [0.24456000328063965, 0.003640000009909272, -0.09788999706506729], [0.08730000257492065, 0.010739999823272228, -0.14422999322414398]]"
B341581788502063A0,downsample32,0.6666666865348816,55.17308807373047,59.669410705566406,downsample32,0.9970178604125977,1;10;9,"[[0.3926999866962433, -0.02250000089406967, -0.09105999767780304], [0.24456000328063965, 0.003640000009909272, -0.09788999706506729], [0.08730000257492065, 0.010739999823272228, -0.14422999322414398]]"
B341581788502063A0,occlusion20,0.20000000298023224,87.89064025878906,71.24657440185547,occlusion20,0.9979531764984131,1;10;9,"[[0.3926999866962433, -0.02250000089406967, -0.09105999767780304], [0.24456000328063965, 0.003640000009909272, -0.09788999706506729], [0.08730000257492065, 0.010739999823272228, -0.14422999322414398]]"
B341581788502063A0,background_shift,0.5,73.37539672851562,75.0,background_shift,0.9999159574508667,1;10;9,"[[0.3926999866962433, -0.02250000089406967, -0.09105999767780304], [0.24456000328063965, 0.003640000009909272, -0.09788999706506729], [0.08730000257492065, 0.010739999823272228, -0.14422999322414398]]"
B341581788502063A0,camera_jitter12,0.5,75.76799011230469,75.0,camera_jitter12,0.9994038343429565,1;10;9,"[[0.3926999866962433, -0.02250000089406967, -0.09105999767780304], [0.24456000328063965, 0.003640000009909272, -0.09788999706506729], [0.08730000257492065, 0.010739999823272228, -0.14422999322414398]]"
B341581788801063A0,connected_crop,0.20000000298023224,69.47208404541016,67.5165023803711,connected_crop,0.7570763826370239,15;7;2,"[[0.03830000013113022, -0.017839999869465828, -0.22519999742507935], [0.2576799988746643, -0.0010900000343099236, 0.12424000352621078], [0.05463000014424324, 0.058469999581575394, 0.28106001019477844]]"
B341581788801063A0,connected_crop,0.4000000059604645,67.51412200927734,57.51795959472656,hole,0.7744132876396179,5;10;2,"[[0.23420999944210052, 0.06569000333547592, 0.10029999911785126], [0.06790000200271606, 0.03531999886035919, -0.0589199997484684], [0.10096000134944916, 0.06456000357866287, 0.295740008354187]]"
B341581788801063A0,hole,0.10000000149011612,90.09196472167969,74.97927856445312,hole,0.9793888926506042,12;6;4,"[[0.19083000719547272, 0.0747700035572052, 0.20674000680446625], [0.2656700015068054, -0.039500001817941666, 0.09516999870538712], [-0.02061999961733818, 0.06768999993801117, 0.013749999925494194]]"
B341581788801063A0,hole,0.20000000298023224,79.09805297851562,70.76715087890625,hole,0.9994893074035645,0;6;2,"[[0.3496299982070923, -0.03465000167489052, -0.10567999631166458], [0.23813000321388245, 0.028710000216960907, 0.08299999684095383], [0.11706999689340591, 0.07320000231266022, 0.31158000230789185]]"
B341581788801063A0,retriangulate,0.5,56.97236633300781,57.5730094909668,retriangulate,0.9995967745780945,0;8;12,"[[-0.3558399975299835, -0.059039998799562454, 0.03237999975681305], [-0.10978999733924866, -0.025450000539422035, 0.1864600032567978], [0.2937600016593933, -0.03726999834179878, 0.013679999858140945]]"
B341581788801063A0,jpeg50,0.5,71.88700103759766,69.46317291259766,jpeg50,0.9999852180480957,12;6;2,"[[0.19083000719547272, 0.0747700035572052, 0.20674000680446625], [0.2656700015068054, -0.039500001817941666, 0.09516999870538712], [0.0754299983382225, -0.03791999816894531, 0.2954599857330322]]"
B341581788801063A0,blur1.5,0.5,63.49427795410156,66.40988159179688,blur1.5,0.9999456405639648,12;6;2,"[[0.19083000719547272, 0.0747700035572052, 0.20674000680446625], [0.2656700015068054, -0.039500001817941666, 0.09516999870538712], [0.0754299983382225, -0.03791999816894531, 0.2954599857330322]]"
B341581788801063A0,brightness0.55,0.44999998807907104,33.115989685058594,36.02400588989258,brightness0.55,0.9999419450759888,12;6;2,"[[0.19083000719547272, 0.0747700035572052, 0.20674000680446625], [0.2656700015068054, -0.039500001817941666, 0.09516999870538712], [0.0754299983382225, -0.03791999816894531, 0.2954599857330322]]"
B341581788801063A0,downsample32,0.6666666865348816,60.613258361816406,57.89028549194336,blur1.5,0.9961764812469482,12;6;2,"[[0.19083000719547272, 0.0747700035572052, 0.20674000680446625], [0.2656700015068054, -0.039500001817941666, 0.09516999870538712], [0.0754299983382225, -0.03791999816894531, 0.2954599857330322]]"
B341581788801063A0,occlusion20,0.20000000298023224,84.255615234375,75.33431243896484,occlusion20,0.9999474287033081,12;6;2,"[[0.19083000719547272, 0.0747700035572052, 0.20674000680446625], [0.2656700015068054, -0.039500001817941666, 0.09516999870538712], [0.0754299983382225, -0.03791999816894531, 0.2954599857330322]]"
B341581788801063A0,background_shift,0.5,73.37085723876953,75.0,background_shift,0.9999723434448242,12;6;2,"[[0.19083000719547272, 0.0747700035572052, 0.20674000680446625], [0.2656700015068054, -0.039500001817941666, 0.09516999870538712], [0.0754299983382225, -0.03791999816894531, 0.2954599857330322]]"
B341581788801063A0,camera_jitter12,0.5,75.33826446533203,75.0,camera_jitter12,0.9999600648880005,12;6;2,"[[0.19083000719547272, 0.0747700035572052, 0.20674000680446625], [0.2656700015068054, -0.039500001817941666, 0.09516999870538712], [0.0754299983382225, -0.03791999816894531, 0.2954599857330322]]"
B342151781501063A0,connected_crop,0.20000000298023224,66.41350555419922,67.47525024414062,connected_crop,0.5648302435874939,1;2;12,"[[0.28975000977516174, -0.08646000176668167, -0.26556000113487244], [0.129830002784729, -0.0362199991941452, 0.16117000579833984], [0.2818799912929535, 0.01795000024139881, -0.2767600119113922]]"
B342151781501063A0,connected_crop,0.4000000059604645,66.00079345703125,57.21681594848633,hole,0.6796618103981018,7;3;5,"[[0.2148900032043457, 0.12394999712705612, -0.19257000088691711], [0.092569999396801, -0.04280000180006027, 0.23800000548362732], [0.016699999570846558, 0.03836999833583832, -0.3088499903678894]]"
B342151781501063A0,hole,0.10000000149011612,70.58934020996094,78.12223052978516,connected_crop,0.9275485277175903,10;1;11,"[[0.19248999655246735, -0.030090000480413437, 0.02947000041604042], [0.30309998989105225, -0.016750000417232513, -0.2669999897480011], [0.0561399981379509, -0.008960000239312649, 0.27702999114990234]]"
B342151781501063A0,hole,0.20000000298023224,62.12892532348633,74.4287338256836,connected_crop,0.882026731967926,12;11;1,"[[0.23350000381469727, 0.12724000215530396, -0.26190999150276184], [0.0561399981379509, -0.008960000239312649, 0.27702999114990234], [0.30305999517440796, -0.016289999708533287, -0.2669000029563904]]"
B342151781501063A0,retriangulate,0.5,57.00843811035156,59.77570343017578,retriangulate,0.9952170848846436,7;9;11,"[[0.15025000274181366, 0.004819999914616346, -0.10332000255584717], [0.21063999831676483, 0.11364000290632248, -0.19719000160694122], [0.2947700023651123, -0.06310000270605087, -0.12853999435901642]]"
B342151781501063A0,jpeg50,0.5,72.87944793701172,71.62809753417969,jpeg50,0.9994770884513855,1;11;2,"[[0.30305999517440796, -0.016289999708533287, -0.2669000029563904], [0.0561399981379509, -0.008960000239312649, 0.27702999114990234], [0.13954000174999237, -0.03424999862909317, 0.15964999794960022]]"
B342151781501063A0,blur1.5,0.5,64.08134460449219,69.044677734375,blur1.5,0.9984591007232666,1;11;2,"[[0.30305999517440796, -0.016289999708533287, -0.2669000029563904], [0.0561399981379509, -0.008960000239312649, 0.27702999114990234], [0.13954000174999237, -0.03424999862909317, 0.15964999794960022]]"
B342151781501063A0,brightness0.55,0.44999998807907104,33.44889831542969,38.290672302246094,brightness0.55,0.9996851682662964,1;11;2,"[[0.30305999517440796, -0.016289999708533287, -0.2669000029563904], [0.0561399981379509, -0.008960000239312649, 0.27702999114990234], [0.13954000174999237, -0.03424999862909317, 0.15964999794960022]]"
B342151781501063A0,downsample32,0.6666666865348816,52.83346176147461,60.40869903564453,downsample32,0.9995892643928528,1;11;2,"[[0.30305999517440796, -0.016289999708533287, -0.2669000029563904], [0.0561399981379509, -0.008960000239312649, 0.27702999114990234], [0.13954000174999237, -0.03424999862909317, 0.15964999794960022]]"
B342151781501063A0,occlusion20,0.20000000298023224,76.711669921875,77.91010284423828,occlusion20,0.99770587682724,1;11;2,"[[0.30305999517440796, -0.016289999708533287, -0.2669000029563904], [0.0561399981379509, -0.008960000239312649, 0.27702999114990234], [0.13954000174999237, -0.03424999862909317, 0.15964999794960022]]"
B342151781501063A0,background_shift,0.5,73.79186248779297,75.0,background_shift,0.9995587468147278,1;11;2,"[[0.30305999517440796, -0.016289999708533287, -0.2669000029563904], [0.0561399981379509, -0.008960000239312649, 0.27702999114990234], [0.13954000174999237, -0.03424999862909317, 0.15964999794960022]]"
B342151781501063A0,camera_jitter12,0.5,73.57588958740234,75.0,camera_jitter12,0.9987965822219849,1;11;2,"[[0.30305999517440796, -0.016289999708533287, -0.2669000029563904], [0.0561399981379509, -0.008960000239312649, 0.27702999114990234], [0.13954000174999237, -0.03424999862909317, 0.15964999794960022]]"
B342351793101063A0,connected_crop,0.20000000298023224,52.00204086303711,63.196529388427734,connected_crop,0.9999796152114868,0;10;14,"[[0.3312099874019623, 0.0228899996727705, -0.03215000033378601], [0.3398300111293793, 0.10990999639034271, -0.024119999259710312], [0.24303999543190002, 0.015069999732077122, -0.10707999765872955]]"
B342351793101063A0,connected_crop,0.4000000059604645,58.26893615722656,58.456886291503906,connected_crop,0.9992326498031616,2;15;6,"[[0.32311001420021057, -0.00022000000171829015, -0.05926999822258949], [0.23350000381469727, 0.013729999773204327, -0.13906000554561615], [0.17089000344276428, 0.0722000002861023, 0.12357000261545181]]"
B342351793101063A0,hole,0.10000000149011612,61.315582275390625,82.37315368652344,hole,0.7979089021682739,11;0;9,"[[0.33357998728752136, 0.10486999899148941, -0.051600001752376556], [0.32265999913215637, 0.0003000000142492354, -0.05835999920964241], [0.20774999260902405, 0.0782100036740303, 0.07540000230073929]]"
B342351793101063A0,hole,0.20000000298023224,63.3380126953125,76.40499877929688,connected_crop,0.9544948935508728,11;0;4,"[[0.33357998728752136, 0.10486999899148941, -0.051600001752376556], [0.32265999913215637, 0.0003000000142492354, -0.05835999920964241], [-0.06859999895095825, 0.1042499989271164, 0.09122999757528305]]"
B342351793101063A0,retriangulate,0.5,52.7881965637207,62.557498931884766,retriangulate,0.9998255372047424,0;9;3,"[[0.32265999913215637, 0.0003000000142492354, -0.05835999920964241], [0.1905899941921234, 0.07709000259637833, 0.09771999716758728], [0.043800000101327896, 0.07844000309705734, 0.2656500041484833]]"
B342351793101063A0,jpeg50,0.5,72.57182312011719,71.74736022949219,jpeg50,0.9999586343765259,11;0;9,"[[0.33357998728752136, 0.10486999899148941, -0.051600001752376556], [0.32265999913215637, 0.0003000000142492354, -0.05835999920964241], [0.20774999260902405, 0.0782100036740303, 0.07540000230073929]]"
B342351793101063A0,blur1.5,0.5,65.49444580078125,69.1041488647461,blur1.5,0.9996423721313477,11;0;9,"[[0.33357998728752136, 0.10486999899148941, -0.051600001752376556], [0.32265999913215637, 0.0003000000142492354, -0.05835999920964241], [0.20774999260902405, 0.0782100036740303, 0.07540000230073929]]"
B342351793101063A0,brightness0.55,0.44999998807907104,32.97819137573242,38.64604949951172,brightness0.55,0.9999483823776245,11;0;9,"[[0.33357998728752136, 0.10486999899148941, -0.051600001752376556], [0.32265999913215637, 0.0003000000142492354, -0.05835999920964241], [0.20774999260902405, 0.0782100036740303, 0.07540000230073929]]"
B342351793101063A0,downsample32,0.6666666865348816,56.08742141723633,60.47298812866211,downsample32,0.9997859597206116,11;0;9,"[[0.33357998728752136, 0.10486999899148941, -0.051600001752376556], [0.32265999913215637, 0.0003000000142492354, -0.05835999920964241], [0.20774999260902405, 0.0782100036740303, 0.07540000230073929]]"
B342351793101063A0,occlusion20,0.20000000298023224,80.28343963623047,79.5244369506836,occlusion20,0.9995747208595276,11;0;9,"[[0.33357998728752136, 0.10486999899148941, -0.051600001752376556], [0.32265999913215637, 0.0003000000142492354, -0.05835999920964241], [0.20774999260902405, 0.0782100036740303, 0.07540000230073929]]"
B342351793101063A0,background_shift,0.5,74.01764678955078,75.0,background_shift,0.9998366832733154,11;0;9,"[[0.33357998728752136, 0.10486999899148941, -0.051600001752376556], [0.32265999913215637, 0.0003000000142492354, -0.05835999920964241], [0.20774999260902405, 0.0782100036740303, 0.07540000230073929]]"
B342351793101063A0,camera_jitter12,0.5,74.93004608154297,75.0,camera_jitter12,0.9996342658996582,11;0;9,"[[0.33357998728752136, 0.10486999899148941, -0.051600001752376556], [0.32265999913215637, 0.0003000000142492354, -0.05835999920964241], [0.20774999260902405, 0.0782100036740303, 0.07540000230073929]]"
B342841785101063A0,connected_crop,0.20000000298023224,42.322792053222656,73.99656677246094,connected_crop,0.9999649524688721,4;2;14,"[[0.010200000368058681, 0.062150001525878906, 0.004209999926388264], [0.02012999914586544, 0.05172999948263168, -0.21121999621391296], [0.07134000211954117, 0.05451999977231026, -0.22150999307632446]]"
B342841785101063A0,connected_crop,0.4000000059604645,45.393035888671875,62.94647979736328,connected_crop,0.9994838237762451,8;0;11,"[[0.1573300063610077, 0.03367000073194504, -0.19675999879837036], [0.07120999693870544, 0.03514999896287918, -0.24030999839305878], [-0.08195000141859055, 0.03034999966621399, -0.17373999953269958]]"
B342841785101063A0,hole,0.10000000149011612,38.023345947265625,80.78372192382812,connected_crop,0.9999707937240601,0;13;6,"[[0.20659999549388885, 0.023569999262690544, -0.08410999923944473], [0.17500999569892883, 0.022190000861883163, -0.13380999863147736], [0.1128000020980835, 0.04839999973773956, -0.1837799996137619]]"
B342841785101063A0,hole,0.20000000298023224,42.0604133605957,69.98088073730469,connected_crop,0.9999736547470093,5;15;14,"[[0.15283000469207764, 0.03440999984741211, -0.1760299950838089], [0.10010000318288803, 0.053599998354911804, -0.2301899939775467], [0.07575000077486038, 0.04540000110864639, -0.2378299981355667]]"
B342841785101063A0,retriangulate,0.5,48.27157974243164,61.03303909301758,retriangulate,0.9999395608901978,2;13;7,"[[-0.029440000653266907, 0.047200001776218414, -0.24050000309944153], [-0.22919000685214996, -0.011880000121891499, 0.1364700049161911], [0.14955000579357147, 0.048259999603033066, -0.18277999758720398]]"
B342841785101063A0,jpeg50,0.5,69.50459289550781,72.05352020263672,jpeg50,0.9994920492172241,4;6;3,"[[0.03254000097513199, 0.06168999895453453, 0.04834999889135361], [0.15282000601291656, 0.03448000177741051, -0.17601999640464783], [0.2698900103569031, 0.0422700010240078, -0.0926399976015091]]"
B342841785101063A0,blur1.5,0.5,63.980770111083984,69.62859344482422,blur1.5,0.9974533915519714,4;6;3,"[[0.03254000097513199, 0.06168999895453453, 0.04834999889135361], [0.15282000601291656, 0.03448000177741051, -0.17601999640464783], [0.2698900103569031, 0.0422700010240078, -0.0926399976015091]]"
B342841785101063A0,brightness0.55,0.44999998807907104,32.86634826660156,37.07177734375,brightness0.55,0.9998865127563477,4;6;3,"[[0.03254000097513199, 0.06168999895453453, 0.04834999889135361], [0.15282000601291656, 0.03448000177741051, -0.17601999640464783], [0.2698900103569031, 0.0422700010240078, -0.0926399976015091]]"
B342841785101063A0,downsample32,0.6666666865348816,54.28233337402344,61.1160888671875,downsample32,0.9991650581359863,4;6;3,"[[0.03254000097513199, 0.06168999895453453, 0.04834999889135361], [0.15282000601291656, 0.03448000177741051, -0.17601999640464783], [0.2698900103569031, 0.0422700010240078, -0.0926399976015091]]"
B342841785101063A0,occlusion20,0.20000000298023224,76.97994995117188,76.47534942626953,occlusion20,0.9795241951942444,4;6;3,"[[0.03254000097513199, 0.06168999895453453, 0.04834999889135361], [0.15282000601291656, 0.03448000177741051, -0.17601999640464783], [0.2698900103569031, 0.0422700010240078, -0.0926399976015091]]"
B342841785101063A0,background_shift,0.5,73.43289184570312,75.0,background_shift,0.999193012714386,4;6;3,"[[0.03254000097513199, 0.06168999895453453, 0.04834999889135361], [0.15282000601291656, 0.03448000177741051, -0.17601999640464783], [0.2698900103569031, 0.0422700010240078, -0.0926399976015091]]"
B342841785101063A0,camera_jitter12,0.5,74.84667205810547,75.0,camera_jitter12,0.992508590221405,4;6;3,"[[0.03254000097513199, 0.06168999895453453, 0.04834999889135361], [0.15282000601291656, 0.03448000177741051, -0.17601999640464783], [0.2698900103569031, 0.0422700010240078, -0.0926399976015091]]"
B343131781801063A0,connected_crop,0.20000000298023224,72.1258544921875,73.90253448486328,camera_jitter12,0.9255590438842773,0;9;12,"[[0.31551000475883484, -0.09059999883174896, -0.25832000374794006], [-0.040070001035928726, -0.08094999939203262, -0.08313000202178955], [0.2292799949645996, -0.028230000287294388, -0.16730999946594238]]"
B343131781801063A0,connected_crop,0.4000000059604645,64.83417510986328,44.42948532104492,connected_crop,0.9237049221992493,9;0;13,"[[0.29381999373435974, -0.11800000071525574, -0.1576099991798401], [0.16711999475955963, -0.014100000262260437, -0.29896000027656555], [0.06499999761581421, -0.09150999784469604, 0.1715400069952011]]"
B343131781801063A0,hole,0.10000000149011612,68.85161590576172,80.67325592041016,camera_jitter12,0.6263977289199829,0;15;9,"[[0.3188000023365021, -0.08596000075340271, -0.26262998580932617], [0.13104000687599182, -0.0052200001664459705, -0.05883000046014786], [0.21827000379562378, -0.021390000358223915, -0.15546000003814697]]"
B343131781801063A0,hole,0.20000000298023224,68.58950805664062,75.53941345214844,camera_jitter12,0.645412802696228,1;10;9,"[[0.3209199905395508, -0.08652999997138977, -0.259799987077713], [0.21971000730991364, -0.021539999172091484, -0.15192000567913055], [0.1648000031709671, -0.045779999345541, -0.30017998814582825]]"
B343131781801063A0,retriangulate,0.5,64.64738464355469,63.44461441040039,retriangulate,0.5341756343841553,0;7;9,"[[0.3188000023365021, -0.08596000075340271, -0.26262998580932617], [0.10922999680042267, -0.08370999991893768, 0.0036899999249726534], [0.16370999813079834, -0.04548000171780586, -0.3027400076389313]]"
B343131781801063A0,jpeg50,0.5,73.95281219482422,68.79607391357422,camera_jitter12,0.9194858074188232,0;10;9,"[[0.3188000023365021, -0.08596000075340271, -0.26262998580932617], [0.21827000379562378, -0.021390000358223915, -0.15546000003814697], [0.16370999813079834, -0.04548000171780586, -0.3027400076389313]]"
B343131781801063A0,blur1.5,0.5,68.06482696533203,63.87971496582031,blur1.5,0.9909678101539612,0;10;9,"[[0.3188000023365021, -0.08596000075340271, -0.26262998580932617], [0.21827000379562378, -0.021390000358223915, -0.15546000003814697], [0.16370999813079834, -0.04548000171780586, -0.3027400076389313]]"
B343131781801063A0,brightness0.55,0.44999998807907104,36.62577819824219,34.550987243652344,brightness0.55,0.9785144925117493,0;10;9,"[[0.3188000023365021, -0.08596000075340271, -0.26262998580932617], [0.21827000379562378, -0.021390000358223915, -0.15546000003814697], [0.16370999813079834, -0.04548000171780586, -0.3027400076389313]]"
B343131781801063A0,downsample32,0.6666666865348816,54.24983596801758,55.11433410644531,downsample32,0.9998893737792969,0;10;9,"[[0.3188000023365021, -0.08596000075340271, -0.26262998580932617], [0.21827000379562378, -0.021390000358223915, -0.15546000003814697], [0.16370999813079834, -0.04548000171780586, -0.3027400076389313]]"
B343131781801063A0,occlusion20,0.20000000298023224,75.63395690917969,70.5951919555664,camera_jitter12,0.6438354849815369,0;10;9,"[[0.3188000023365021, -0.08596000075340271, -0.26262998580932617], [0.21827000379562378, -0.021390000358223915, -0.15546000003814697], [0.16370999813079834, -0.04548000171780586, -0.3027400076389313]]"
B343131781801063A0,background_shift,0.5,72.8340835571289,75.0,background_shift,0.999846339225769,0;10;9,"[[0.3188000023365021, -0.08596000075340271, -0.26262998580932617], [0.21827000379562378, -0.021390000358223915, -0.15546000003814697], [0.16370999813079834, -0.04548000171780586, -0.3027400076389313]]"
B343131781801063A0,camera_jitter12,0.5,73.4603500366211,75.0,camera_jitter12,0.9998730421066284,0;10;9,"[[0.3188000023365021, -0.08596000075340271, -0.26262998580932617], [0.21827000379562378, -0.021390000358223915, -0.15546000003814697], [0.16370999813079834, -0.04548000171780586, -0.3027400076389313]]"
B343341787401063A0,connected_crop,0.20000000298023224,50.885536193847656,73.07972717285156,connected_crop,0.9999703168869019,3;15;8,"[[0.2201099991798401, 0.015440000221133232, 0.024229999631643295], [0.19583000242710114, 0.06204000115394592, 0.03894000127911568], [0.06593000143766403, -0.021290000528097153, -0.16123999655246735]]"
B343341787401063A0,connected_crop,0.4000000059604645,46.24159240722656,44.38120651245117,connected_crop,0.9999380111694336,1;12;4,"[[-0.11203999817371368, -0.059539999812841415, -0.2856000065803528], [-0.08336000144481659, -0.05756999924778938, -0.25446999073028564], [-0.13641999661922455, 0.03635000064969063, -0.20550000667572021]]"
B343341787401063A0,hole,0.10000000149011612,54.06297302246094,81.72090148925781,connected_crop,0.9999411106109619,13;8;2,"[[0.2229599952697754, -0.0009599999757483602, 0.005100000184029341], [0.2032800018787384, -0.04298999905586243, -0.05342999845743179], [0.26837998628616333, -0.04811999946832657, 0.013170000165700912]]"
B343341787401063A0,hole,0.20000000298023224,48.22900390625,73.18716430664062,connected_crop,0.999980092048645,13;8;2,"[[0.23221999406814575, 0.023569999262690544, 0.04267999902367592], [0.21246999502182007, -0.03294000029563904, -0.048980001360177994], [0.26287001371383667, -0.028829999268054962, 0.0348300002515316]]"
B343341787401063A0,retriangulate,0.5,51.76848602294922,61.873722076416016,retriangulate,0.9999395608901978,7;0;9,"[[-0.15760000050067902, 0.03660999983549118, 0.16092999279499054], [0.031610000878572464, 0.04605000093579292, 0.24315999448299408], [-0.11061999946832657, 0.0626399964094162, 0.1765100061893463]]"
B343341787401063A0,jpeg50,0.5,72.5256576538086,72.13550567626953,jpeg50,0.9997685551643372,2;0;1,"[[0.26837998628616333, -0.04811999946832657, 0.013170000165700912], [0.017340000718832016, 0.037289999425411224, 0.21146999299526215], [-0.06415999680757523, -0.05821000039577484, -0.28174999356269836]]"
B343341787401063A0,blur1.5,0.5,65.6671371459961,69.49502563476562,blur1.5,0.9989733695983887,2;0;1,"[[0.26837998628616333, -0.04811999946832657, 0.013170000165700912], [0.017340000718832016, 0.037289999425411224, 0.21146999299526215], [-0.06415999680757523, -0.05821000039577484, -0.28174999356269836]]"
B343341787401063A0,brightness0.55,0.44999998807907104,33.02760696411133,38.320003509521484,brightness0.55,0.9998970031738281,2;0;1,"[[0.26837998628616333, -0.04811999946832657, 0.013170000165700912], [0.017340000718832016, 0.037289999425411224, 0.21146999299526215], [-0.06415999680757523, -0.05821000039577484, -0.28174999356269836]]"
B343341787401063A0,downsample32,0.6666666865348816,60.400146484375,60.955204010009766,downsample32,0.9853844046592712,2;0;1,"[[0.26837998628616333, -0.04811999946832657, 0.013170000165700912], [0.017340000718832016, 0.037289999425411224, 0.21146999299526215], [-0.06415999680757523, -0.05821000039577484, -0.28174999356269836]]"
B343341787401063A0,occlusion20,0.20000000298023224,78.94219970703125,77.99372863769531,occlusion20,0.9841405153274536,2;0;1,"[[0.26837998628616333, -0.04811999946832657, 0.013170000165700912], [0.017340000718832016, 0.037289999425411224, 0.21146999299526215], [-0.06415999680757523, -0.05821000039577484, -0.28174999356269836]]"
B343341787401063A0,background_shift,0.5,73.87081146240234,75.0,background_shift,0.999596893787384,2;0;1,"[[0.26837998628616333, -0.04811999946832657, 0.013170000165700912], [0.017340000718832016, 0.037289999425411224, 0.21146999299526215], [-0.06415999680757523, -0.05821000039577484, -0.28174999356269836]]"
B343341787401063A0,camera_jitter12,0.5,74.91736602783203,75.0,camera_jitter12,0.9991012811660767,2;0;1,"[[0.26837998628616333, -0.04811999946832657, 0.013170000165700912], [0.017340000718832016, 0.037289999425411224, 0.21146999299526215], [-0.06415999680757523, -0.05821000039577484, -0.28174999356269836]]"
B343811783101062A0,connected_crop,0.20000000298023224,69.16928100585938,61.646812438964844,connected_crop,0.8175826668739319,10;1;12,"[[0.16072000563144684, 0.010520000010728836, -0.17597000300884247], [0.3065600097179413, -0.01484999991953373, -0.2146099954843521], [0.2482600063085556, -0.00279999990016222, -0.2448900043964386]]"
B343811783101062A0,connected_crop,0.4000000059604645,67.79974365234375,51.53163146972656,connected_crop,0.8629766702651978,1;10;12,"[[0.3065600097179413, -0.01484999991953373, -0.2146099954843521], [0.16072000563144684, 0.010520000010728836, -0.17597000300884247], [0.2482600063085556, -0.00279999990016222, -0.2448900043964386]]"
B343811783101062A0,hole,0.10000000149011612,60.78080368041992,76.00713348388672,hole,0.8506989479064941,4;9;15,"[[0.23720000684261322, 0.033799998462200165, -0.11784999817609787], [0.2814899981021881, 0.0573900006711483, -0.195810005068779], [0.20136000216007233, -0.03753000125288963, -0.11201000213623047]]"
B343811783101062A0,hole,0.20000000298023224,55.810081481933594,61.77449035644531,retriangulate,0.7864043116569519,3;12;6,"[[0.26155000925064087, 0.03988000005483627, -0.1294099986553192], [0.294869989156723, 0.0465800017118454, -0.18758000433444977], [0.2371399998664856, 0.05496999993920326, -0.2014400064945221]]"
B343811783101062A0,retriangulate,0.5,53.037261962890625,58.37107467651367,retriangulate,0.9998061060905457,8;3;12,"[[0.2460400015115738, -0.05243000015616417, -0.1450899988412857], [-0.08111999928951263, -0.04400999844074249, 0.15994000434875488], [-0.1847500056028366, -0.016699999570846558, 0.12831999361515045]]"
B343811783101062A0,jpeg50,0.5,68.25244903564453,69.39298248291016,jpeg50,0.99696284532547,8;5;1,"[[0.22641000151634216, 0.0421999990940094, -0.10835999995470047], [0.21799999475479126, -0.025550000369548798, -0.09982000291347504], [0.3004400134086609, 0.04148999974131584, -0.2128400057554245]]"
B343811783101062A0,blur1.5,0.5,60.85972595214844,57.13560104370117,blur1.5,0.9963582158088684,8;5;1,"[[0.22641000151634216, 0.0421999990940094, -0.10835999995470047], [0.21799999475479126, -0.025550000369548798, -0.09982000291347504], [0.3004400134086609, 0.04148999974131584, -0.2128400057554245]]"
B343811783101062A0,brightness0.55,0.44999998807907104,32.1732063293457,34.219337463378906,brightness0.55,0.999471127986908,8;5;1,"[[0.22641000151634216, 0.0421999990940094, -0.10835999995470047], [0.21799999475479126, -0.025550000369548798, -0.09982000291347504], [0.3004400134086609, 0.04148999974131584, -0.2128400057554245]]"
B343811783101062A0,downsample32,0.6666666865348816,53.74258041381836,48.0058479309082,downsample32,0.9879370331764221,8;5;1,"[[0.22641000151634216, 0.0421999990940094, -0.10835999995470047], [0.21799999475479126, -0.025550000369548798, -0.09982000291347504], [0.3004400134086609, 0.04148999974131584, -0.2128400057554245]]"
B343811783101062A0,occlusion20,0.20000000298023224,74.05789947509766,69.03959655761719,occlusion20,0.9669917225837708,8;5;1,"[[0.22641000151634216, 0.0421999990940094, -0.10835999995470047], [0.21799999475479126, -0.025550000369548798, -0.09982000291347504], [0.3004400134086609, 0.04148999974131584, -0.2128400057554245]]"
B343811783101062A0,background_shift,0.5,72.44876098632812,75.0,background_shift,0.9986482262611389,8;5;1,"[[0.22641000151634216, 0.0421999990940094, -0.10835999995470047], [0.21799999475479126, -0.025550000369548798, -0.09982000291347504], [0.3004400134086609, 0.04148999974131584, -0.2128400057554245]]"
B343811783101062A0,camera_jitter12,0.5,73.83617401123047,75.0,camera_jitter12,0.9818094968795776,8;5;1,"[[0.22641000151634216, 0.0421999990940094, -0.10835999995470047], [0.21799999475479126, -0.025550000369548798, -0.09982000291347504], [0.3004400134086609, 0.04148999974131584, -0.2128400057554245]]"
B354191720501063A0,connected_crop,0.20000000298023224,54.24934768676758,48.53491973876953,connected_crop,0.9948452711105347,1;14;7,"[[0.39774999022483826, -0.012029999867081642, 0.09245000034570694], [0.26837000250816345, -0.011859999969601631, 0.1768600046634674], [0.18772000074386597, -0.011180000379681587, 0.09446000307798386]]"
B354191720501063A0,connected_crop,0.4000000059604645,52.76725387573242,38.58528137207031,connected_crop,0.9920191168785095,1;14;7,"[[0.39774999022483826, -0.012029999867081642, 0.09245000034570694], [0.26837000250816345, -0.011859999969601631, 0.1768600046634674], [0.18772000074386597, -0.011180000379681587, 0.09446000307798386]]"
B354191720501063A0,hole,0.10000000149011612,83.17161560058594,81.13423156738281,hole,0.9924830794334412,7;6;14,"[[0.2695299983024597, -0.015610000118613243, 0.12626999616622925], [0.2592499852180481, -0.013319999910891056, -0.20654000341892242], [0.11361999809741974, -0.014059999957680702, 0.09591999650001526]]"
B354191720501063A0,hole,0.20000000298023224,89.18982696533203,75.56808471679688,hole,0.9646482467651367,7;6;14,"[[0.2695299983024597, -0.015610000118613243, 0.12626999616622925], [0.2592499852180481, -0.013319999910891056, -0.20654000341892242], [0.11361999809741974, -0.014059999957680702, 0.09591999650001526]]"
B354191720501063A0,retriangulate,0.5,84.39141845703125,63.40647506713867,hole,0.9926833510398865,7;6;15,"[[0.267659991979599, -0.015589999966323376, 0.12605999410152435], [0.25738999247550964, -0.013299999758601189, -0.2062000036239624], [0.1901099979877472, -0.015690000727772713, -0.11210999637842178]]"
B354191720501063A0,jpeg50,0.5,73.3270263671875,70.74230194091797,jpeg50,0.9651172161102295,7;6;15,"[[0.267659991979599, -0.015589999966323376, 0.12605999410152435], [0.25738999247550964, -0.013299999758601189, -0.2062000036239624], [0.1901099979877472, -0.015690000727772713, -0.11210999637842178]]"
B354191720501063A0,blur1.5,0.5,65.08628845214844,62.388450622558594,blur1.5,0.9993405938148499,7;6;15,"[[0.267659991979599, -0.015589999966323376, 0.12605999410152435], [0.25738999247550964, -0.013299999758601189, -0.2062000036239624], [0.1901099979877472, -0.015690000727772713, -0.11210999637842178]]"
B354191720501063A0,brightness0.55,0.44999998807907104,32.31425857543945,35.18672180175781,brightness0.55,0.9998078942298889,7;6;15,"[[0.267659991979599, -0.015589999966323376, 0.12605999410152435], [0.25738999247550964, -0.013299999758601189, -0.2062000036239624], [0.1901099979877472, -0.015690000727772713, -0.11210999637842178]]"
B354191720501063A0,downsample32,0.6666666865348816,54.3154296875,53.37678146362305,downsample32,0.9994279742240906,7;6;15,"[[0.267659991979599, -0.015589999966323376, 0.12605999410152435], [0.25738999247550964, -0.013299999758601189, -0.2062000036239624], [0.1901099979877472, -0.015690000727772713, -0.11210999637842178]]"
B354191720501063A0,occlusion20,0.20000000298023224,82.20369720458984,68.65840148925781,occlusion20,0.9991987347602844,7;6;15,"[[0.267659991979599, -0.015589999966323376, 0.12605999410152435], [0.25738999247550964, -0.013299999758601189, -0.2062000036239624], [0.1901099979877472, -0.015690000727772713, -0.11210999637842178]]"
B354191720501063A0,background_shift,0.5,73.05192565917969,75.0,background_shift,0.9999374151229858,7;6;15,"[[0.267659991979599, -0.015589999966323376, 0.12605999410152435], [0.25738999247550964, -0.013299999758601189, -0.2062000036239624], [0.1901099979877472, -0.015690000727772713, -0.11210999637842178]]"
B354191720501063A0,camera_jitter12,0.5,98.53710174560547,75.0,clean,0.861247718334198,7;6;15,"[[0.267659991979599, -0.015589999966323376, 0.12605999410152435], [0.25738999247550964, -0.013299999758601189, -0.2062000036239624], [0.1901099979877472, -0.015690000727772713, -0.11210999637842178]]"
B355381731601063A0,connected_crop,0.20000000298023224,69.30522918701172,43.13655471801758,camera_jitter12,0.8199160099029541,13;4;2,"[[0.22597000002861023, 0.14464999735355377, 0.05787999927997589], [0.21585999429225922, 0.026979999616742134, -0.16366000473499298], [0.161640003323555, -0.04854999855160713, 0.21398000419139862]]"
B355381731601063A0,connected_crop,0.4000000059604645,69.7486572265625,33.531612396240234,camera_jitter12,0.827720582485199,10;3;4,"[[0.2129400074481964, 0.17285999655723572, 0.02744000032544136], [0.20027999579906464, 0.04854999855160713, -0.17834000289440155], [0.16366000473499298, 0.026979999616742134, 0.21585999429225922]]"
B355381731601063A0,hole,0.10000000149011612,65.15455627441406,80.11579895019531,connected_crop,0.6887993812561035,3;0;14,"[[0.1665000021457672, 0.05671999976038933, -0.05640000104904175], [0.19436000287532806, -0.3641799986362457, -0.06306999921798706], [0.1520400047302246, -0.3641799986362457, 0.1321599930524826]]"
B355381731601063A0,hole,0.20000000298023224,64.54602813720703,75.70632934570312,connected_crop,0.7134171724319458,5;13;2,"[[0.11130999773740768, -0.3642599880695343, -0.16949999332427979], [0.14420999586582184, -0.27674001455307007, -0.1126599982380867], [0.17776000499725342, -0.011149999685585499, 0.022749999538064003]]"
B355381731601063A0,retriangulate,0.5,66.43888854980469,55.94469451904297,connected_crop,0.3313303291797638,0;15;6,"[[0.11130999773740768, -0.3642599880695343, -0.16949999332427979], [0.09296999871730804, -0.26912999153137207, -0.15949000418186188], [0.12856000661849976, 0.056790001690387726, 0.11534000188112259]]"
B355381731601063A0,jpeg50,0.5,66.87576293945312,70.38623046875,jpeg50,0.9761408567428589,2;11;5,"[[0.13269999623298645, -0.007199999876320362, 0.12058000266551971], [0.1469700038433075, -0.3626599907875061, 0.13676999509334564], [0.19436000287532806, -0.3641799986362457, -0.06306999921798706]]"
B355381731601063A0,blur1.5,0.5,59.773807525634766,67.40618896484375,blur1.5,0.9961661100387573,2;11;5,"[[0.13269999623298645, -0.007199999876320362, 0.12058000266551971], [0.1469700038433075, -0.3626599907875061, 0.13676999509334564], [0.19436000287532806, -0.3641799986362457, -0.06306999921798706]]"
B355381731601063A0,brightness0.55,0.44999998807907104,45.1159553527832,35.53889846801758,occlusion20,0.7227168679237366,2;11;5,"[[0.13269999623298645, -0.007199999876320362, 0.12058000266551971], [0.1469700038433075, -0.3626599907875061, 0.13676999509334564], [0.19436000287532806, -0.3641799986362457, -0.06306999921798706]]"
B355381731601063A0,downsample32,0.6666666865348816,51.650123596191406,58.812767028808594,downsample32,0.9975326061248779,2;11;5,"[[0.13269999623298645, -0.007199999876320362, 0.12058000266551971], [0.1469700038433075, -0.3626599907875061, 0.13676999509334564], [0.19436000287532806, -0.3641799986362457, -0.06306999921798706]]"
B355381731601063A0,occlusion20,0.20000000298023224,75.79583740234375,74.0047607421875,occlusion20,0.9962665438652039,2;11;5,"[[0.13269999623298645, -0.007199999876320362, 0.12058000266551971], [0.1469700038433075, -0.3626599907875061, 0.13676999509334564], [0.19436000287532806, -0.3641799986362457, -0.06306999921798706]]"
B355381731601063A0,background_shift,0.5,73.1851806640625,75.0,background_shift,0.9961898326873779,2;11;5,"[[0.13269999623298645, -0.007199999876320362, 0.12058000266551971], [0.1469700038433075, -0.3626599907875061, 0.13676999509334564], [0.19436000287532806, -0.3641799986362457, -0.06306999921798706]]"
B355381731601063A0,camera_jitter12,0.5,74.12401580810547,75.0,camera_jitter12,0.8562328815460205,2;11;5,"[[0.13269999623298645, -0.007199999876320362, 0.12058000266551971], [0.1469700038433075, -0.3626599907875061, 0.13676999509334564], [0.19436000287532806, -0.3641799986362457, -0.06306999921798706]]"
B356631735402063A0,connected_crop,0.20000000298023224,71.80500030517578,68.43848419189453,connected_crop,0.9839720726013184,2;10;12,"[[0.21402999758720398, -0.006800000090152025, -0.17520999908447266], [0.1799200028181076, -0.03967000171542168, -0.36024999618530273], [0.22300000488758087, 0.10324999690055847, 0.3719100058078766]]"
B356631735402063A0,connected_crop,0.4000000059604645,53.795188903808594,42.16758728027344,connected_crop,0.9883687496185303,13;4;0,"[[0.2302899956703186, 0.09238000214099884, 0.2995400130748749], [0.05745000019669533, 0.05990000069141388, 0.08463999629020691], [0.20813000202178955, 0.02758999913930893, 0.35093000531196594]]"
B356631735402063A0,hole,0.10000000149011612,73.85137939453125,70.94979095458984,jpeg50,0.4398496150970459,2;13;10,"[[0.21322999894618988, -0.006779999937862158, -0.1722699999809265], [0.2357800006866455, -0.05000000074505806, 0.09872999787330627], [0.18745000660419464, -0.05046999827027321, -0.3669399917125702]]"
B356631735402063A0,hole,0.20000000298023224,73.79805755615234,65.94293975830078,hole,0.9587243795394897,2;13;14,"[[0.21322999894618988, -0.006779999937862158, -0.1722699999809265], [0.2357800006866455, -0.05000000074505806, 0.09872999787330627], [0.24684999883174896, 0.10287000238895416, 0.3408200144767761]]"
B356631735402063A0,retriangulate,0.5,55.78775405883789,56.91272735595703,retriangulate,0.9962018132209778,2;13;9,"[[0.21187999844551086, -0.012090000323951244, -0.18615999817848206], [0.24647000432014465, 0.10255999863147736, 0.3455199897289276], [-0.030050000175833702, 0.09296999871730804, -0.10672999918460846]]"
B356631735402063A0,jpeg50,0.5,72.19692993164062,69.91315460205078,jpeg50,0.9999847412109375,2;14;10,"[[0.21322999894618988, -0.006779999937862158, -0.1722699999809265], [0.2357800006866455, -0.05000000074505806, 0.09872999787330627], [0.18745000660419464, -0.05046999827027321, -0.3669399917125702]]"
B356631735402063A0,blur1.5,0.5,59.92588806152344,65.5029296875,blur1.5,0.9987848401069641,2;14;10,"[[0.21322999894618988, -0.006779999937862158, -0.1722699999809265], [0.2357800006866455, -0.05000000074505806, 0.09872999787330627], [0.18745000660419464, -0.05046999827027321, -0.3669399917125702]]"
B356631735402063A0,brightness0.55,0.44999998807907104,33.37678146362305,37.8741340637207,brightness0.55,0.9999128580093384,2;14;10,"[[0.21322999894618988, -0.006779999937862158, -0.1722699999809265], [0.2357800006866455, -0.05000000074505806, 0.09872999787330627], [0.18745000660419464, -0.05046999827027321, -0.3669399917125702]]"
B356631735402063A0,downsample32,0.6666666865348816,52.856117248535156,56.77864456176758,downsample32,0.99992835521698,2;14;10,"[[0.21322999894618988, -0.006779999937862158, -0.1722699999809265], [0.2357800006866455, -0.05000000074505806, 0.09872999787330627], [0.18745000660419464, -0.05046999827027321, -0.3669399917125702]]"
B356631735402063A0,occlusion20,0.20000000298023224,82.7530288696289,76.49957275390625,occlusion20,0.9890252947807312,2;14;10,"[[0.21322999894618988, -0.006779999937862158, -0.1722699999809265], [0.2357800006866455, -0.05000000074505806, 0.09872999787330627], [0.18745000660419464, -0.05046999827027321, -0.3669399917125702]]"
B356631735402063A0,background_shift,0.5,74.33727264404297,75.0,background_shift,0.9999641180038452,2;14;10,"[[0.21322999894618988, -0.006779999937862158, -0.1722699999809265], [0.2357800006866455, -0.05000000074505806, 0.09872999787330627], [0.18745000660419464, -0.05046999827027321, -0.3669399917125702]]"
B356631735402063A0,camera_jitter12,0.5,74.16498565673828,75.0,jpeg50,0.9999439716339111,2;14;10,"[[0.21322999894618988, -0.006779999937862158, -0.1722699999809265], [0.2357800006866455, -0.05000000074505806, 0.09872999787330627], [0.18745000660419464, -0.05046999827027321, -0.3669399917125702]]"
B356701722402063A0,connected_crop,0.20000000298023224,58.96697235107422,65.79452514648438,connected_crop,0.9551382660865784,1;7;8,"[[0.33906999230384827, -0.0005000000237487257, -0.2013700008392334], [0.15059000253677368, 0.0001500000071246177, -0.1495800018310547], [-0.08494000136852264, -0.011989999562501907, 0.17329999804496765]]"
B356701722402063A0,connected_crop,0.4000000059604645,57.94973373413086,55.841575622558594,connected_crop,0.9845389723777771,1;7;8,"[[0.33906999230384827, -0.0005000000237487257, -0.2013700008392334], [0.15059000253677368, 0.0001500000071246177, -0.1495800018310547], [-0.08494000136852264, -0.011989999562501907, 0.17329999804496765]]"
B356701722402063A0,hole,0.10000000149011612,97.7502670288086,86.760498046875,clean,0.9319368600845337,0;3;9,"[[0.37053000926971436, 0.0072200000286102295, -0.0207700002938509], [0.05651000142097473, -0.008670000359416008, -0.289029985666275], [-0.008390000090003014, 0.005750000011175871, -0.09053000062704086]]"
B356701722402063A0,hole,0.20000000298023224,89.92493438720703,75.3495864868164,hole,0.8857616782188416,0;3;9,"[[0.3708899915218353, 0.0072200000286102295, -0.0200399998575449], [0.05655999854207039, -0.008670000359416008, -0.28856000304222107], [-0.04562000185251236, -0.009960000403225422, -0.162540003657341]]"
B356701722402063A0,retriangulate,0.5,62.65010070800781,67.68560028076172,retriangulate,0.9685710668563843,0;13;3,"[[0.37053000926971436, 0.0072200000286102295, -0.0207700002938509], [-0.03587000072002411, -0.005539999809116125, -0.20087000727653503], [0.05651000142097473, -0.008670000359416008, -0.289029985666275]]"
B356701722402063A0,jpeg50,0.5,71.37744140625,71.3727035522461,jpeg50,0.9994261264801025,0;5;3,"[[0.37053000926971436, 0.0072200000286102295, -0.0207700002938509], [0.15068000555038452, 0.0007699999841861427, -0.0838799998164177], [0.05651000142097473, -0.008670000359416008, -0.289029985666275]]"
B356701722402063A0,blur1.5,0.5,62.108177185058594,66.3532485961914,blur1.5,0.9986228942871094,0;5;3,"[[0.37053000926971436, 0.0072200000286102295, -0.0207700002938509], [0.15068000555038452, 0.0007699999841861427, -0.0838799998164177], [0.05651000142097473, -0.008670000359416008, -0.289029985666275]]"
B356701722402063A0,brightness0.55,0.44999998807907104,32.45866394042969,35.945594787597656,brightness0.55,0.9998589754104614,0;5;3,"[[0.37053000926971436, 0.0072200000286102295, -0.0207700002938509], [0.15068000555038452, 0.0007699999841861427, -0.0838799998164177], [0.05651000142097473, -0.008670000359416008, -0.289029985666275]]"
B356701722402063A0,downsample32,0.6666666865348816,54.684059143066406,57.39470291137695,downsample32,0.9998712539672852,0;5;3,"[[0.37053000926971436, 0.0072200000286102295, -0.0207700002938509], [0.15068000555038452, 0.0007699999841861427, -0.0838799998164177], [0.05651000142097473, -0.008670000359416008, -0.289029985666275]]"
B356701722402063A0,occlusion20,0.20000000298023224,79.48307037353516,70.45862579345703,occlusion20,0.9995837807655334,0;5;3,"[[0.37053000926971436, 0.0072200000286102295, -0.0207700002938509], [0.15068000555038452, 0.0007699999841861427, -0.0838799998164177], [0.05651000142097473, -0.008670000359416008, -0.289029985666275]]"
B356701722402063A0,background_shift,0.5,73.33599090576172,75.0,background_shift,0.9999568462371826,0;5;3,"[[0.37053000926971436, 0.0072200000286102295, -0.0207700002938509], [0.15068000555038452, 0.0007699999841861427, -0.0838799998164177], [0.05651000142097473, -0.008670000359416008, -0.289029985666275]]"
B356701722402063A0,camera_jitter12,0.5,98.84443664550781,75.0,clean,0.9953925609588623,0;5;3,"[[0.37053000926971436, 0.0072200000286102295, -0.0207700002938509], [0.15068000555038452, 0.0007699999841861427, -0.0838799998164177], [0.05651000142097473, -0.008670000359416008, -0.289029985666275]]"
B357521725801063A1,connected_crop,0.20000000298023224,65.24230194091797,77.07681274414062,connected_crop,0.844035267829895,1;8;2,"[[0.1159299984574318, -0.11704999953508377, -0.3655399978160858], [0.2646400034427643, -0.11603999882936478, -0.14488999545574188], [0.28711000084877014, -0.11412999778985977, 0.1290999948978424]]"
B357521725801063A1,connected_crop,0.4000000059604645,66.17149353027344,59.823753356933594,connected_crop,0.7679073810577393,10;5;2,"[[0.2953999936580658, -0.11627999693155289, 0.20858000218868256], [0.0997299998998642, -0.1188800036907196, -0.3660599887371063], [0.2690800130367279, -0.11799000203609467, -0.13627000153064728]]"
B357521725801063A1,hole,0.10000000149011612,59.6264533996582,78.23171997070312,connected_crop,0.9540205001831055,7;14;1,"[[0.2384600043296814, -0.06210999935865402, -0.13715000450611115], [0.12786999344825745, -0.11621999740600586, 0.19123999774456024], [0.1159299984574318, -0.11704999953508377, -0.3655399978160858]]"
B357521725801063A1,hole,0.20000000298023224,60.478092193603516,70.23949432373047,connected_crop,0.9663336277008057,2;1;5,"[[0.216839998960495, -0.11593999713659286, 0.15727999806404114], [0.10140000283718109, -0.11547999829053879, -0.36699000000953674], [0.2172500044107437, -0.11422999948263168, -0.10130000114440918]]"
B357521725801063A1,retriangulate,0.5,57.802284240722656,62.65332794189453,retriangulate,0.9829816222190857,6;2;0,"[[0.1058799996972084, -0.1182899996638298, -0.368149995803833], [0.26899999380111694, -0.11520999670028687, -0.14233000576496124], [-0.17614999413490295, -0.1165900006890297, -0.3548800051212311]]"
B357521725801063A1,jpeg50,0.5,67.70026397705078,68.65753936767578,jpeg50,0.9751949906349182,8;1;2,"[[0.2384600043296814, -0.06210999935865402, -0.13715000450611115], [0.1159299984574318, -0.11704999953508377, -0.3655399978160858], [0.28711000084877014, -0.11412999778985977, 0.1290999948978424]]"
B357521725801063A1,blur1.5,0.5,58.84003448486328,62.473976135253906,blur1.5,0.9841477870941162,8;1;2,"[[0.2384600043296814, -0.06210999935865402, -0.13715000450611115], [0.1159299984574318, -0.11704999953508377, -0.3655399978160858], [0.28711000084877014, -0.11412999778985977, 0.1290999948978424]]"
B357521725801063A1,brightness0.55,0.44999998807907104,39.54134750366211,34.22798538208008,brightness0.55,0.915494978427887,8;1;2,"[[0.2384600043296814, -0.06210999935865402, -0.13715000450611115], [0.1159299984574318, -0.11704999953508377, -0.3655399978160858], [0.28711000084877014, -0.11412999778985977, 0.1290999948978424]]"
B357521725801063A1,downsample32,0.6666666865348816,51.64207077026367,53.68244171142578,downsample32,0.9998026490211487,8;1;2,"[[0.2384600043296814, -0.06210999935865402, -0.13715000450611115], [0.1159299984574318, -0.11704999953508377, -0.3655399978160858], [0.28711000084877014, -0.11412999778985977, 0.1290999948978424]]"
B357521725801063A1,occlusion20,0.20000000298023224,71.67159271240234,73.59934997558594,occlusion20,0.9705320000648499,8;1;2,"[[0.2384600043296814, -0.06210999935865402, -0.13715000450611115], [0.1159299984574318, -0.11704999953508377, -0.3655399978160858], [0.28711000084877014, -0.11412999778985977, 0.1290999948978424]]"
B357521725801063A1,background_shift,0.5,71.45313262939453,75.0,background_shift,0.9538582563400269,8;1;2,"[[0.2384600043296814, -0.06210999935865402, -0.13715000450611115], [0.1159299984574318, -0.11704999953508377, -0.3655399978160858], [0.28711000084877014, -0.11412999778985977, 0.1290999948978424]]"
B357521725801063A1,camera_jitter12,0.5,73.89297485351562,75.0,camera_jitter12,0.9804282784461975,8;1;2,"[[0.2384600043296814, -0.06210999935865402, -0.13715000450611115], [0.1159299984574318, -0.11704999953508377, -0.3655399978160858], [0.28711000084877014, -0.11412999778985977, 0.1290999948978424]]"
B358161715701063A0,connected_crop,0.20000000298023224,49.82875061035156,60.38153076171875,connected_crop,0.9991017580032349,0;11;3,"[[0.21265999972820282, -0.3378799855709076, -0.16066999733448029], [0.21507999300956726, -0.1858700066804886, -0.09956999868154526], [0.16721999645233154, 0.3537600040435791, -0.16534000635147095]]"
B358161715701063A0,connected_crop,0.4000000059604645,46.080875396728516,47.330814361572266,connected_crop,0.9990365505218506,0;9;10,"[[0.2089100033044815, -0.3411099910736084, -0.1811700016260147], [0.21748000383377075, -0.18794000148773193, -0.10837999731302261], [0.22665999829769135, -0.3569500148296356, 0.16280999779701233]]"
B358161715701063A0,hole,0.10000000149011612,57.060791015625,73.26183319091797,connected_crop,0.7483698725700378,0;1;7,"[[0.2215700000524521, -0.30893999338150024, -0.19434000551700592], [-0.12304999679327011, 0.34038999676704407, 0.23463000357151031], [-0.18501999974250793, 0.34005001187324524, -0.09457000344991684]]"
B358161715701063A0,hole,0.20000000298023224,53.94013977050781,61.98637008666992,connected_crop,0.6396244168281555,0;6;15,"[[0.2215700000524521, -0.30893999338150024, -0.19434000551700592], [0.17193999886512756, 0.33983999490737915, 0.1729699969291687], [0.0412600003182888, -0.324290007352829, -0.21299999952316284]]"
B358161715701063A0,retriangulate,0.5,52.083526611328125,54.885948181152344,retriangulate,0.999594509601593,0;10;1,"[[0.2343900054693222, -0.3030700087547302, -0.18470999598503113], [0.1182200014591217, 0.3397899866104126, 0.2275400012731552], [-0.15241999924182892, 0.34002000093460083, 0.21403999626636505]]"
B358161715701063A0,jpeg50,0.5,68.64376831054688,67.47198486328125,jpeg50,0.9964122176170349,0;7;6,"[[0.2215700000524521, -0.30893999338150024, -0.19434000551700592], [-0.1837099939584732, 0.3400599956512451, -0.10145000368356705], [0.16787999868392944, 0.3361699879169464, 0.119159996509552]]"
B358161715701063A0,blur1.5,0.5,61.855709075927734,60.656009674072266,blur1.5,0.9997804760932922,0;7;6,"[[0.2215700000524521, -0.30893999338150024, -0.19434000551700592], [-0.1837099939584732, 0.3400599956512451, -0.10145000368356705], [0.16787999868392944, 0.3361699879169464, 0.119159996509552]]"
B358161715701063A0,brightness0.55,0.44999998807907104,34.2207145690918,35.78383255004883,brightness0.55,0.9986649751663208,0;7;6,"[[0.2215700000524521, -0.30893999338150024, -0.19434000551700592], [-0.1837099939584732, 0.3400599956512451, -0.10145000368356705], [0.16787999868392944, 0.3361699879169464, 0.119159996509552]]"
B358161715701063A0,downsample32,0.6666666865348816,51.583595275878906,52.04496383666992,downsample32,0.9999231100082397,0;7;6,"[[0.2215700000524521, -0.30893999338150024, -0.19434000551700592], [-0.1837099939584732, 0.3400599956512451, -0.10145000368356705], [0.16787999868392944, 0.3361699879169464, 0.119159996509552]]"
B358161715701063A0,occlusion20,0.20000000298023224,75.98118591308594,77.41410827636719,occlusion20,0.9946931004524231,0;7;6,"[[0.2215700000524521, -0.30893999338150024, -0.19434000551700592], [-0.1837099939584732, 0.3400599956512451, -0.10145000368356705], [0.16787999868392944, 0.3361699879169464, 0.119159996509552]]"
B358161715701063A0,background_shift,0.5,73.65493774414062,75.0,background_shift,0.9974787831306458,0;7;6,"[[0.2215700000524521, -0.30893999338150024, -0.19434000551700592], [-0.1837099939584732, 0.3400599956512451, -0.10145000368356705], [0.16787999868392944, 0.3361699879169464, 0.119159996509552]]"
B358161715701063A0,camera_jitter12,0.5,74.83026885986328,75.0,camera_jitter12,0.9993085861206055,0;7;6,"[[0.2215700000524521, -0.30893999338150024, -0.19434000551700592], [-0.1837099939584732, 0.3400599956512451, -0.10145000368356705], [0.16787999868392944, 0.3361699879169464, 0.119159996509552]]"
B358341716301063A0,connected_crop,0.20000000298023224,56.74581527709961,61.459468841552734,connected_crop,0.9982189536094666,4;10;13,"[[0.2393600046634674, 0.07733000069856644, 0.12132000178098679], [0.21588000655174255, 0.19062000513076782, 0.10681000351905823], [0.02246999926865101, 0.16321000456809998, 0.19787000119686127]]"
B358341716301063A0,connected_crop,0.4000000059604645,49.000694274902344,38.57253646850586,connected_crop,0.9996756315231323,6;13;2,"[[0.19502000510692596, 0.1308699995279312, -0.005619999952614307], [0.23179000616073608, 0.1875, 0.09529999643564224], [0.18018999695777893, 0.16339999437332153, 0.15922999382019043]]"
B358341716301063A0,hole,0.10000000149011612,55.527645111083984,67.48735809326172,connected_crop,0.9992200136184692,0;12;11,"[[0.1301099956035614, 0.011210000142455101, -0.24309000372886658], [-0.04207000136375427, 0.01116000022739172, -0.2518500089645386], [-0.010710000060498714, 0.11210999637842178, 0.09324000030755997]]"
B358341716301063A0,hole,0.20000000298023224,53.54855728149414,67.2598876953125,connected_crop,0.9999088048934937,9;15;2,"[[0.23823000490665436, 0.13816000521183014, 0.180759996175766], [0.08462999761104584, 0.11016999930143356, 0.060989998281002045], [0.11772999912500381, 0.020090000703930855, -0.2585499882698059]]"
B358341716301063A0,retriangulate,0.5,54.12841033935547,53.90494918823242,retriangulate,0.999631404876709,0;11;10,"[[0.12735000252723694, 0.01283000037074089, -0.24580000340938568], [0.22123000025749207, -0.012919999659061432, 0.031449999660253525], [0.21320000290870667, 0.20518000423908234, 0.2046400010585785]]"
B358341716301063A0,jpeg50,0.5,67.07666015625,66.42205047607422,jpeg50,0.9604141712188721,0;14;11,"[[0.1301099956035614, 0.011210000142455101, -0.24309000372886658], [-0.04207000136375427, 0.01116000022739172, -0.2518500089645386], [0.230880007147789, -0.026399999856948853, 0.045010000467300415]]"
B358341716301063A0,blur1.5,0.5,58.58732986450195,61.93717575073242,blur1.5,0.9783041477203369,0;14;11,"[[0.1301099956035614, 0.011210000142455101, -0.24309000372886658], [-0.04207000136375427, 0.01116000022739172, -0.2518500089645386], [0.230880007147789, -0.026399999856948853, 0.045010000467300415]]"
B358341716301063A0,brightness0.55,0.44999998807907104,37.8106803894043,38.750614166259766,brightness0.55,0.9692171216011047,0;14;11,"[[0.1301099956035614, 0.011210000142455101, -0.24309000372886658], [-0.04207000136375427, 0.01116000022739172, -0.2518500089645386], [0.230880007147789, -0.026399999856948853, 0.045010000467300415]]"
B358341716301063A0,downsample32,0.6666666865348816,51.723331451416016,53.30101776123047,downsample32,0.9996170997619629,0;14;11,"[[0.1301099956035614, 0.011210000142455101, -0.24309000372886658], [-0.04207000136375427, 0.01116000022739172, -0.2518500089645386], [0.230880007147789, -0.026399999856948853, 0.045010000467300415]]"
B358341716301063A0,occlusion20,0.20000000298023224,77.51776885986328,79.637451171875,occlusion20,0.8882618546485901,0;14;11,"[[0.1301099956035614, 0.011210000142455101, -0.24309000372886658], [-0.04207000136375427, 0.01116000022739172, -0.2518500089645386], [0.230880007147789, -0.026399999856948853, 0.045010000467300415]]"
B358341716301063A0,background_shift,0.5,74.5735855102539,75.0,background_shift,0.5773906111717224,0;14;11,"[[0.1301099956035614, 0.011210000142455101, -0.24309000372886658], [-0.04207000136375427, 0.01116000022739172, -0.2518500089645386], [0.230880007147789, -0.026399999856948853, 0.045010000467300415]]"
B358341716301063A0,camera_jitter12,0.5,74.67818450927734,75.0,camera_jitter12,0.9993253946304321,0;14;11,"[[0.1301099956035614, 0.011210000142455101, -0.24309000372886658], [-0.04207000136375427, 0.01116000022739172, -0.2518500089645386], [0.230880007147789, -0.026399999856948853, 0.045010000467300415]]"
B358341727001063A0,connected_crop,0.20000000298023224,74.15333557128906,64.69950866699219,connected_crop,0.9415539503097534,0;3;7,"[[0.23220999538898468, 0.05087999999523163, 0.31632000207901], [0.25982001423835754, 0.05683999881148338, -0.1706400066614151], [0.2152000069618225, 0.06827999651432037, 0.09801000356674194]]"
B358341727001063A0,connected_crop,0.4000000059604645,51.412086486816406,38.86637878417969,connected_crop,0.6613879203796387,1;7;11,"[[0.28082001209259033, 0.042330000549554825, -0.24065999686717987], [0.28591999411582947, 0.058889999985694885, 0.003930000122636557], [0.09821999818086624, -0.1046300008893013, -0.23928000032901764]]"
B358341727001063A0,hole,0.10000000149011612,75.35023498535156,73.64734649658203,hole,0.9785350561141968,8;7;13,"[[0.2457199990749359, 0.040950000286102295, 0.13118000328540802], [0.08180999755859375, -0.09504999965429306, -0.28431999683380127], [0.14124999940395355, 0.0565899983048439, -0.004730000160634518]]"
B358341727001063A0,hole,0.20000000298023224,70.6989974975586,69.31890869140625,hole,0.9998797178268433,3;14;10,"[[0.24638999998569489, 0.018850000575184822, -0.10151000320911407], [0.24487000703811646, 0.07075999677181244, 0.21287000179290771], [0.1204800009727478, 0.08060000091791153, -0.2017199993133545]]"
B358341727001063A0,retriangulate,0.5,53.84589385986328,55.679893493652344,retriangulate,0.9999685287475586,5;7;13,"[[0.17771999537944794, 0.06960000097751617, 0.33340999484062195], [-0.16500000655651093, 0.008990000002086163, 0.19431999325752258], [-0.031039999797940254, 0.02800000086426735, 0.3472200036048889]]"
B358341727001063A0,jpeg50,0.5,72.01079559326172,69.42872619628906,jpeg50,0.999956488609314,8;3;0,"[[0.08032000064849854, -0.09331999719142914, -0.29047998785972595], [0.247079998254776, 0.05378999933600426, -0.14590999484062195], [0.22109000384807587, 0.04901000112295151, 0.32589998841285706]]"
B358341727001063A0,blur1.5,0.5,61.72018051147461,65.2624282836914,blur1.5,0.9998475313186646,8;3;0,"[[0.08032000064849854, -0.09331999719142914, -0.29047998785972595], [0.247079998254776, 0.05378999933600426, -0.14590999484062195], [0.22109000384807587, 0.04901000112295151, 0.32589998841285706]]"
B358341727001063A0,brightness0.55,0.44999998807907104,34.17424774169922,35.89439392089844,brightness0.55,0.9998337030410767,8;3;0,"[[0.08032000064849854, -0.09331999719142914, -0.29047998785972595], [0.247079998254776, 0.05378999933600426, -0.14590999484062195], [0.22109000384807587, 0.04901000112295151, 0.32589998841285706]]"
B358341727001063A0,downsample32,0.6666666865348816,52.327484130859375,56.533016204833984,downsample32,0.9999427795410156,8;3;0,"[[0.08032000064849854, -0.09331999719142914, -0.29047998785972595], [0.247079998254776, 0.05378999933600426, -0.14590999484062195], [0.22109000384807587, 0.04901000112295151, 0.32589998841285706]]"
B358341727001063A0,occlusion20,0.20000000298023224,80.250732421875,76.31175231933594,occlusion20,0.9999183416366577,8;3;0,"[[0.08032000064849854, -0.09331999719142914, -0.29047998785972595], [0.247079998254776, 0.05378999933600426, -0.14590999484062195], [0.22109000384807587, 0.04901000112295151, 0.32589998841285706]]"
B358341727001063A0,background_shift,0.5,75.12140655517578,75.0,background_shift,0.999944806098938,8;3;0,"[[0.08032000064849854, -0.09331999719142914, -0.29047998785972595], [0.247079998254776, 0.05378999933600426, -0.14590999484062195], [0.22109000384807587, 0.04901000112295151, 0.32589998841285706]]"
B358341727001063A0,camera_jitter12,0.5,99.50132751464844,75.0,clean,0.9977424144744873,8;3;0,"[[0.08032000064849854, -0.09331999719142914, -0.29047998785972595], [0.247079998254776, 0.05378999933600426, -0.14590999484062195], [0.22109000384807587, 0.04901000112295151, 0.32589998841285706]]"
B358411737101063A1,connected_crop,0.20000000298023224,53.3771858215332,63.03373718261719,connected_crop,0.99479079246521,4;0;12,"[[0.03303999826312065, 0.04602999985218048, 0.12960000336170197], [0.24743999540805817, 0.10993000119924545, 0.17101000249385834], [0.21121999621391296, 0.09195999801158905, 0.15001000463962555]]"
B358411737101063A1,connected_crop,0.4000000059604645,53.057926177978516,33.42842483520508,connected_crop,0.9974143505096436,15;9;1,"[[0.20423999428749084, 0.032510001212358475, -0.26541998982429504], [0.23240000009536743, 0.12555000185966492, -0.1862799972295761], [0.22660000622272491, 0.20166000723838806, -0.31769999861717224]]"
B358411737101063A1,hole,0.10000000149011612,67.61344909667969,74.95620727539062,connected_crop,0.5134133100509644,0;14;9,"[[0.3331100046634674, 0.006240000016987324, 0.13630999624729156], [0.33142998814582825, 0.10446999967098236, 0.08648999780416489], [0.18254999816417694, 0.11294999718666077, 0.15764999389648438]]"
B358411737101063A1,hole,0.20000000298023224,59.498863220214844,69.94061279296875,connected_crop,0.9574979543685913,0;13;9,"[[0.3331100046634674, 0.006240000016987324, 0.13630999624729156], [0.33142998814582825, 0.10446999967098236, 0.08648999780416489], [0.18254999816417694, 0.11294999718666077, 0.15764999389648438]]"
B358411737101063A1,retriangulate,0.5,52.59221649169922,55.445098876953125,retriangulate,0.9995193481445312,0;3;1,"[[0.3416599929332733, 0.004480000119656324, 0.1505800038576126], [-0.05042999982833862, -0.16189999878406525, -0.25769999623298645], [-0.3650600016117096, 0.10219000279903412, -0.23117999732494354]]"
B358411737101063A1,jpeg50,0.5,72.97290802001953,66.09561157226562,jpeg50,0.9993051290512085,0;14;9,"[[0.3331100046634674, 0.006240000016987324, 0.13630999624729156], [0.33142998814582825, 0.10446999967098236, 0.08648999780416489], [0.18254999816417694, 0.11294999718666077, 0.15764999389648438]]"
B358411737101063A1,blur1.5,0.5,62.27437973022461,59.77745056152344,blur1.5,0.9999383687973022,0;14;9,"[[0.3331100046634674, 0.006240000016987324, 0.13630999624729156], [0.33142998814582825, 0.10446999967098236, 0.08648999780416489], [0.18254999816417694, 0.11294999718666077, 0.15764999389648438]]"
B358411737101063A1,brightness0.55,0.44999998807907104,45.18049240112305,33.282894134521484,brightness0.55,0.7605953216552734,0;14;9,"[[0.3331100046634674, 0.006240000016987324, 0.13630999624729156], [0.33142998814582825, 0.10446999967098236, 0.08648999780416489], [0.18254999816417694, 0.11294999718666077, 0.15764999389648438]]"
B358411737101063A1,downsample32,0.6666666865348816,52.54374313354492,51.19369125366211,downsample32,0.999818742275238,0;14;9,"[[0.3331100046634674, 0.006240000016987324, 0.13630999624729156], [0.33142998814582825, 0.10446999967098236, 0.08648999780416489], [0.18254999816417694, 0.11294999718666077, 0.15764999389648438]]"
B358411737101063A1,occlusion20,0.20000000298023224,78.8681640625,74.65778350830078,occlusion20,0.9999533891677856,0;14;9,"[[0.3331100046634674, 0.006240000016987324, 0.13630999624729156], [0.33142998814582825, 0.10446999967098236, 0.08648999780416489], [0.18254999816417694, 0.11294999718666077, 0.15764999389648438]]"
B358411737101063A1,background_shift,0.5,73.91039276123047,75.0,background_shift,0.9998931884765625,0;14;9,"[[0.3331100046634674, 0.006240000016987324, 0.13630999624729156], [0.33142998814582825, 0.10446999967098236, 0.08648999780416489], [0.18254999816417694, 0.11294999718666077, 0.15764999389648438]]"
B358411737101063A1,camera_jitter12,0.5,74.63658142089844,75.0,camera_jitter12,0.9997203946113586,0;14;9,"[[0.3331100046634674, 0.006240000016987324, 0.13630999624729156], [0.33142998814582825, 0.10446999967098236, 0.08648999780416489], [0.18254999816417694, 0.11294999718666077, 0.15764999389648438]]"
B358471720201063A0,connected_crop,0.20000000298023224,67.26771545410156,58.42549133300781,connected_crop,0.9879307746887207,13;3;10,"[[0.16200000047683716, -0.09719999879598618, 0.08169999718666077], [0.07874000072479248, -0.1017799973487854, -0.12014000117778778], [0.03587999939918518, -0.0037499999161809683, 0.06259000301361084]]"
B358471720201063A0,connected_crop,0.4000000059604645,64.4859390258789,48.058013916015625,connected_crop,0.9771516919136047,13;3;10,"[[0.16200000047683716, -0.09719999879598618, 0.08169999718666077], [0.07874000072479248, -0.1017799973487854, -0.12014000117778778], [0.03587999939918518, -0.0037499999161809683, 0.06259000301361084]]"
B358471720201063A0,hole,0.10000000149011612,57.601261138916016,72.5932388305664,connected_crop,0.9900619983673096,6;2;13,"[[0.03187999874353409, -0.10721000283956528, -0.17900000512599945], [0.11922000348567963, 0.028429999947547913, 0.023360000923275948], [0.07452999800443649, -0.07574000209569931, 0.02824999950826168]]"
B358471720201063A0,hole,0.20000000298023224,58.95720672607422,65.7353286743164,connected_crop,0.5936402678489685,15;14;6,"[[0.15025000274181366, -0.07773000001907349, 0.04986000061035156], [0.05333000048995018, 0.03733000159263611, 0.07547999918460846], [0.03116000071167946, -0.10277000069618225, -0.18477000296115875]]"
B358471720201063A0,retriangulate,0.5,54.31511306762695,52.92805480957031,retriangulate,0.999783456325531,6;10;11,"[[0.03187999874353409, -0.10721000283956528, -0.17900000512599945], [0.19850000739097595, 0.0714000016450882, 0.17654000222682953], [-0.1265600025653839, 0.07715000212192535, -0.3931199908256531]]"
B358471720201063A0,jpeg50,0.5,71.547607421875,69.83120727539062,jpeg50,0.9996299743652344,6;2;12,"[[0.03187999874353409, -0.10721000283956528, -0.17900000512599945], [0.11922000348567963, 0.028429999947547913, 0.023360000923275948], [0.013559999875724316, 0.002839999971911311, -0.10332000255584717]]"
B358471720201063A0,blur1.5,0.5,63.67158126831055,66.07923889160156,blur1.5,0.9989984631538391,6;2;12,"[[0.03187999874353409, -0.10721000283956528, -0.17900000512599945], [0.11922000348567963, 0.028429999947547913, 0.023360000923275948], [0.013559999875724316, 0.002839999971911311, -0.10332000255584717]]"
B358471720201063A0,brightness0.55,0.44999998807907104,32.81562805175781,35.873722076416016,brightness0.55,0.9997074007987976,6;2;12,"[[0.03187999874353409, -0.10721000283956528, -0.17900000512599945], [0.11922000348567963, 0.028429999947547913, 0.023360000923275948], [0.013559999875724316, 0.002839999971911311, -0.10332000255584717]]"
B358471720201063A0,downsample32,0.6666666865348816,52.38540267944336,57.40797424316406,downsample32,0.9998557567596436,6;2;12,"[[0.03187999874353409, -0.10721000283956528, -0.17900000512599945], [0.11922000348567963, 0.028429999947547913, 0.023360000923275948], [0.013559999875724316, 0.002839999971911311, -0.10332000255584717]]"
B358471720201063A0,occlusion20,0.20000000298023224,78.8482437133789,75.4947280883789,occlusion20,0.9999057054519653,6;2;12,"[[0.03187999874353409, -0.10721000283956528, -0.17900000512599945], [0.11922000348567963, 0.028429999947547913, 0.023360000923275948], [0.013559999875724316, 0.002839999971911311, -0.10332000255584717]]"
B358471720201063A0,background_shift,0.5,73.72410583496094,75.0,background_shift,0.9991784691810608,6;2;12,"[[0.03187999874353409, -0.10721000283956528, -0.17900000512599945], [0.11922000348567963, 0.028429999947547913, 0.023360000923275948], [0.013559999875724316, 0.002839999971911311, -0.10332000255584717]]"
B358471720201063A0,camera_jitter12,0.5,75.73797607421875,75.0,camera_jitter12,0.9974798560142517,6;2;12,"[[0.03187999874353409, -0.10721000283956528, -0.17900000512599945], [0.11922000348567963, 0.028429999947547913, 0.023360000923275948], [0.013559999875724316, 0.002839999971911311, -0.10332000255584717]]"
B358631736902063A1,connected_crop,0.20000000298023224,68.3269271850586,74.58624267578125,connected_crop,0.999496579170227,0;9;11,"[[0.34999001026153564, 0.01671000011265278, 0.11214999854564667], [0.04049000144004822, -0.0175199992954731, 0.06154000014066696], [-0.003379999892786145, 0.010990000329911709, -0.267520010471344]]"
B358631736902063A1,connected_crop,0.4000000059604645,69.94123840332031,60.87200164794922,connected_crop,0.9997274279594421,9;0;12,"[[0.05104000121355057, -0.007290000095963478, 0.08077000081539154], [0.34999001026153564, 0.01671000011265278, 0.11214999854564667], [0.2954599857330322, 0.035610001534223557, 0.09307000041007996]]"
B358631736902063A1,hole,0.10000000149011612,99.57411193847656,79.94082641601562,clean,0.9994001388549805,0;15;12,"[[0.37353000044822693, -0.027710000053048134, 0.1997399926185608], [0.022379999980330467, 0.017890000715851784, 0.013059999793767929], [-0.012249999679625034, -0.026820000261068344, -0.2710599899291992]]"
B358631736902063A1,hole,0.20000000298023224,99.50350189208984,74.78398895263672,clean,0.9985658526420593,0;12;9,"[[0.37353000044822693, -0.027710000053048134, 0.1997399926185608], [-0.012249999679625034, -0.026820000261068344, -0.2710599899291992], [0.29381999373435974, 0.032910000532865524, 0.08462999761104584]]"
B358631736902063A1,retriangulate,0.5,76.38582611083984,61.568538665771484,retriangulate,0.9538310170173645,0;11;6,"[[0.37353000044822693, -0.027710000053048134, 0.1997399926185608], [-0.012249999679625034, -0.026820000261068344, -0.2710599899291992], [-0.1528100073337555, 0.05045999959111214, -0.2682900130748749]]"
B358631736902063A1,jpeg50,0.5,72.35304260253906,70.94690704345703,jpeg50,0.9999644756317139,0;12;13,"[[0.37353000044822693, -0.027710000053048134, 0.1997399926185608], [0.036159999668598175, -0.018629999831318855, 0.055479999631643295], [-0.012249999679625034, -0.026820000261068344, -0.2710599899291992]]"
B358631736902063A1,blur1.5,0.5,63.567710876464844,66.58110046386719,blur1.5,0.9999399185180664,0;12;13,"[[0.37353000044822693, -0.027710000053048134, 0.1997399926185608], [0.036159999668598175, -0.018629999831318855, 0.055479999631643295], [-0.012249999679625034, -0.026820000261068344, -0.2710599899291992]]"
B358631736902063A1,brightness0.55,0.44999998807907104,31.905019760131836,35.39944839477539,brightness0.55,0.9999338388442993,0;12;13,"[[0.37353000044822693, -0.027710000053048134, 0.1997399926185608], [0.036159999668598175, -0.018629999831318855, 0.055479999631643295], [-0.012249999679625034, -0.026820000261068344, -0.2710599899291992]]"
B358631736902063A1,downsample32,0.6666666865348816,53.460205078125,57.85614776611328,downsample32,0.9999502897262573,0;12;13,"[[0.37353000044822693, -0.027710000053048134, 0.1997399926185608], [0.036159999668598175, -0.018629999831318855, 0.055479999631643295], [-0.012249999679625034, -0.026820000261068344, -0.2710599899291992]]"
B358631736902063A1,occlusion20,0.20000000298023224,78.4615249633789,72.39950561523438,occlusion20,0.9999363422393799,0;12;13,"[[0.37353000044822693, -0.027710000053048134, 0.1997399926185608], [0.036159999668598175, -0.018629999831318855, 0.055479999631643295], [-0.012249999679625034, -0.026820000261068344, -0.2710599899291992]]"
B358631736902063A1,background_shift,0.5,72.8033447265625,75.0,background_shift,0.9999357461929321,0;12;13,"[[0.37353000044822693, -0.027710000053048134, 0.1997399926185608], [0.036159999668598175, -0.018629999831318855, 0.055479999631643295], [-0.012249999679625034, -0.026820000261068344, -0.2710599899291992]]"
B358631736902063A1,camera_jitter12,0.5,75.075927734375,75.0,camera_jitter12,0.6109859347343445,0;12;13,"[[0.37353000044822693, -0.027710000053048134, 0.1997399926185608], [0.036159999668598175, -0.018629999831318855, 0.055479999631643295], [-0.012249999679625034, -0.026820000261068344, -0.2710599899291992]]"
B358651726301063A0,connected_crop,0.20000000298023224,45.92935562133789,52.68594741821289,connected_crop,0.9994091987609863,0;5;14,"[[0.38447999954223633, 0.005289999768137932, -0.015949999913573265], [0.2609800100326538, 0.004000000189989805, 0.20556999742984772], [0.3188199996948242, 0.0034000000450760126, 0.10619000345468521]]"
B358651726301063A0,connected_crop,0.4000000059604645,44.3361930847168,41.50129699707031,connected_crop,0.9984596967697144,15;0;4,"[[0.2917400002479553, 0.007619999814778566, 0.08270999789237976], [0.2672500014305115, 0.0065899998880922794, -0.16997000575065613], [0.281139999628067, 0.005499999970197678, 0.1832199990749359]]"
B358651726301063A0,hole,0.10000000149011612,54.348533630371094,78.7419204711914,connected_crop,0.9991176724433899,0;13;9,"[[0.3717699944972992, 0.12021999806165695, -0.015399999916553497], [0.3060699999332428, 0.11811000108718872, -0.16286000609397888], [0.2652300000190735, 0.02322000078856945, 0.11976999789476395]]"
B358651726301063A0,hole,0.20000000298023224,58.81343460083008,70.24159240722656,connected_crop,0.984751284122467,1;11;6,"[[0.3722200095653534, 0.1212100014090538, -0.016580000519752502], [0.29030999541282654, 0.02906000055372715, 0.09664999693632126], [0.2098200023174286, 0.02287999913096428, -0.1785700023174286]]"
B358651726301063A0,retriangulate,0.5,52.97966003417969,58.99521255493164,retriangulate,0.9755969643592834,0;12;6,"[[0.3717699944972992, 0.12021999806165695, -0.015399999916553497], [0.2882100045681, 0.028850000351667404, 0.08968000113964081], [0.21303999423980713, 0.02824999950826168, -0.18102000653743744]]"
B358651726301063A0,jpeg50,0.5,70.48357391357422,70.50450897216797,jpeg50,0.9990867376327515,0;11;7,"[[0.3695400059223175, 0.12032999843358994, -0.02273000031709671], [0.2882100045681, 0.028850000351667404, 0.08968000113964081], [0.20830999314785004, 0.02271999977529049, -0.18355000019073486]]"
B358651726301063A0,blur1.5,0.5,60.81230545043945,67.69271850585938,blur1.5,0.9969918727874756,0;11;7,"[[0.3695400059223175, 0.12032999843358994, -0.02273000031709671], [0.2882100045681, 0.028850000351667404, 0.08968000113964081], [0.20830999314785004, 0.02271999977529049, -0.18355000019073486]]"
B358651726301063A0,brightness0.55,0.44999998807907104,33.131526947021484,37.60790252685547,brightness0.55,0.999704897403717,0;11;7,"[[0.3695400059223175, 0.12032999843358994, -0.02273000031709671], [0.2882100045681, 0.028850000351667404, 0.08968000113964081], [0.20830999314785004, 0.02271999977529049, -0.18355000019073486]]"
B358651726301063A0,downsample32,0.6666666865348816,52.72060775756836,59.03565979003906,downsample32,0.9997244477272034,0;11;7,"[[0.3695400059223175, 0.12032999843358994, -0.02273000031709671], [0.2882100045681, 0.028850000351667404, 0.08968000113964081], [0.20830999314785004, 0.02271999977529049, -0.18355000019073486]]"
B358651726301063A0,occlusion20,0.20000000298023224,77.84109497070312,78.20680236816406,occlusion20,0.9989845156669617,0;11;7,"[[0.3695400059223175, 0.12032999843358994, -0.02273000031709671], [0.2882100045681, 0.028850000351667404, 0.08968000113964081], [0.20830999314785004, 0.02271999977529049, -0.18355000019073486]]"
B358651726301063A0,background_shift,0.5,73.33106994628906,75.0,background_shift,0.9990347623825073,0;11;7,"[[0.3695400059223175, 0.12032999843358994, -0.02273000031709671], [0.2882100045681, 0.028850000351667404, 0.08968000113964081], [0.20830999314785004, 0.02271999977529049, -0.18355000019073486]]"
B358651726301063A0,camera_jitter12,0.5,74.20023345947266,75.0,camera_jitter12,0.9825582504272461,0;11;7,"[[0.3695400059223175, 0.12032999843358994, -0.02273000031709671], [0.2882100045681, 0.028850000351667404, 0.08968000113964081], [0.20830999314785004, 0.02271999977529049, -0.18355000019073486]]"
B358681737301063A0,connected_crop,0.20000000298023224,49.019222259521484,71.49954223632812,connected_crop,0.999830961227417,3;15;5,"[[0.004269999917596579, 0.30226999521255493, 0.17011000216007233], [-0.0028299998957663774, 0.3226900100708008, -0.18517999351024628], [-0.013020000420510769, 0.3249500095844269, -0.026119999587535858]]"
B358681737301063A0,connected_crop,0.4000000059604645,49.1161003112793,55.714290618896484,connected_crop,0.9995991587638855,1;12;15,"[[0.018629999831318855, 0.32284000515937805, 0.331059992313385], [0.003980000037699938, 0.3239299952983856, 0.19845999777317047], [-0.014619999565184116, 0.32398998737335205, -0.06836999952793121]]"
B358681737301063A0,hole,0.10000000149011612,42.144386291503906,76.93146514892578,connected_crop,0.9994903802871704,2;15;5,"[[0.019139999523758888, 0.3222000002861023, 0.3347100019454956], [-0.002749999985098839, 0.32346999645233154, 0.15309999883174896], [-0.016599999740719795, 0.3239099979400635, -0.025369999930262566]]"
B358681737301063A0,hole,0.20000000298023224,49.856197357177734,63.915992736816406,connected_crop,0.9999082088470459,2;14;10,"[[0.019139999523758888, 0.3222000002861023, 0.3347100019454956], [0.02159000001847744, 0.2904900014400482, 0.347790002822876], [-0.003269999986514449, 0.3244200050830841, 0.15139000117778778]]"
B358681737301063A0,retriangulate,0.5,50.323997497558594,57.92472457885742,retriangulate,0.9999430179595947,1;2;9,"[[0.02274000085890293, 0.32374000549316406, 0.3543199896812439], [-0.028149999678134918, 0.3250499963760376, -0.31749001145362854], [-0.027480000630021095, 0.17790000140666962, -0.33397001028060913]]"
B358681737301063A0,jpeg50,0.5,56.76936340332031,72.452880859375,connected_crop,0.7741313576698303,2;5;15,"[[0.019139999523758888, 0.3222000002861023, 0.3347100019454956], [-0.01278000045567751, 0.3239099979400635, -0.0195700004696846], [-0.005570000037550926, 0.3206399977207184, -0.18564000725746155]]"
B358681737301063A0,blur1.5,0.5,46.39239501953125,68.07353973388672,downsample32,0.7132384181022644,2;5;15,"[[0.019139999523758888, 0.3222000002861023, 0.3347100019454956], [-0.01278000045567751, 0.3239099979400635, -0.0195700004696846], [-0.005570000037550926, 0.3206399977207184, -0.18564000725746155]]"
B358681737301063A0,brightness0.55,0.44999998807907104,35.27872085571289,38.56570053100586,brightness0.55,0.9607170820236206,2;5;15,"[[0.019139999523758888, 0.3222000002861023, 0.3347100019454956], [-0.01278000045567751, 0.3239099979400635, -0.0195700004696846], [-0.005570000037550926, 0.3206399977207184, -0.18564000725746155]]"
B358681737301063A0,downsample32,0.6666666865348816,49.20829772949219,59.374488830566406,downsample32,0.9347520470619202,2;5;15,"[[0.019139999523758888, 0.3222000002861023, 0.3347100019454956], [-0.01278000045567751, 0.3239099979400635, -0.0195700004696846], [-0.005570000037550926, 0.3206399977207184, -0.18564000725746155]]"
B358681737301063A0,occlusion20,0.20000000298023224,54.65353775024414,77.44638061523438,connected_crop,0.9125679135322571,2;5;15,"[[0.019139999523758888, 0.3222000002861023, 0.3347100019454956], [-0.01278000045567751, 0.3239099979400635, -0.0195700004696846], [-0.005570000037550926, 0.3206399977207184, -0.18564000725746155]]"
B358681737301063A0,background_shift,0.5,68.0214614868164,75.0,background_shift,0.930230975151062,2;5;15,"[[0.019139999523758888, 0.3222000002861023, 0.3347100019454956], [-0.01278000045567751, 0.3239099979400635, -0.0195700004696846], [-0.005570000037550926, 0.3206399977207184, -0.18564000725746155]]"
B358681737301063A0,camera_jitter12,0.5,51.745338439941406,75.0,connected_crop,0.9999861717224121,2;5;15,"[[0.019139999523758888, 0.3222000002861023, 0.3347100019454956], [-0.01278000045567751, 0.3239099979400635, -0.0195700004696846], [-0.005570000037550926, 0.3206399977207184, -0.18564000725746155]]"
B358801736201063A0,connected_crop,0.20000000298023224,44.04125213623047,70.589111328125,connected_crop,0.9939952492713928,1;10;5,"[[0.263839989900589, 0.39024001359939575, 0.03813999891281128], [0.17826999723911285, 0.08020000159740448, 0.05172999948263168], [0.03505999967455864, 0.014739999547600746, 0.05355000123381615]]"
B358801736201063A0,connected_crop,0.4000000059604645,41.650634765625,59.90890884399414,connected_crop,0.9980212450027466,3;7;15,"[[0.1434900015592575, 0.3565100133419037, 0.05130000039935112], [-0.03370000049471855, 0.3797000050544739, 0.060350000858306885], [-0.11979000270366669, 0.35916000604629517, 0.009700000286102295]]"
B358801736201063A0,hole,0.10000000149011612,52.3630485534668,67.78014373779297,connected_crop,0.9994288086891174,3;14;8,"[[0.259799987077713, 0.3596000075340271, 0.03654000163078308], [0.1324000060558319, 0.36013999581336975, 0.048489999026060104], [0.19081999361515045, 0.09085000306367874, 0.0464400015771389]]"
B358801736201063A0,hole,0.20000000298023224,49.723663330078125,60.998069763183594,connected_crop,0.9914018511772156,1;13;15,"[[0.2644999921321869, 0.39122000336647034, 0.03127000108361244], [0.12605999410152435, 0.3560599982738495, 0.045830000191926956], [0.19709999859333038, 0.10044000297784805, 0.04397999867796898]]"
B358801736201063A0,retriangulate,0.5,50.48569869995117,56.87424087524414,retriangulate,0.999110996723175,3;15;6,"[[0.2574799954891205, 0.3449999988079071, 0.03956000134348869], [-0.23598000407218933, 0.35910001397132874, 0.07715000212192535], [-0.23451000452041626, 0.24086999893188477, 0.0626399964094162]]"
B358801736201063A0,jpeg50,0.5,70.61921691894531,71.9061050415039,jpeg50,0.9976539015769958,3;14;8,"[[0.25940001010894775, 0.3590399920940399, 0.040709998458623886], [-0.14385999739170074, 0.3644999861717224, -0.003019999945536256], [0.19053000211715698, 0.09070999920368195, 0.05059000104665756]]"
B358801736201063A0,blur1.5,0.5,63.321876525878906,68.16531372070312,blur1.5,0.9992039799690247,3;14;8,"[[0.25940001010894775, 0.3590399920940399, 0.040709998458623886], [-0.14385999739170074, 0.3644999861717224, -0.003019999945536256], [0.19053000211715698, 0.09070999920368195, 0.05059000104665756]]"
B358801736201063A0,brightness0.55,0.44999998807907104,32.80925750732422,37.324153900146484,brightness0.55,0.9998859167098999,3;14;8,"[[0.25940001010894775, 0.3590399920940399, 0.040709998458623886], [-0.14385999739170074, 0.3644999861717224, -0.003019999945536256], [0.19053000211715698, 0.09070999920368195, 0.05059000104665756]]"
B358801736201063A0,downsample32,0.6666666865348816,53.713871002197266,59.64529037475586,downsample32,0.9996438026428223,3;14;8,"[[0.25940001010894775, 0.3590399920940399, 0.040709998458623886], [-0.14385999739170074, 0.3644999861717224, -0.003019999945536256], [0.19053000211715698, 0.09070999920368195, 0.05059000104665756]]"
B358801736201063A0,occlusion20,0.20000000298023224,76.12622833251953,77.50833892822266,occlusion20,0.9989778995513916,3;14;8,"[[0.25940001010894775, 0.3590399920940399, 0.040709998458623886], [-0.14385999739170074, 0.3644999861717224, -0.003019999945536256], [0.19053000211715698, 0.09070999920368195, 0.05059000104665756]]"
B358801736201063A0,background_shift,0.5,73.30093383789062,75.0,background_shift,0.9994986057281494,3;14;8,"[[0.25940001010894775, 0.3590399920940399, 0.040709998458623886], [-0.14385999739170074, 0.3644999861717224, -0.003019999945536256], [0.19053000211715698, 0.09070999920368195, 0.05059000104665756]]"
B358801736201063A0,camera_jitter12,0.5,73.47689819335938,75.0,camera_jitter12,0.998828113079071,3;14;8,"[[0.25940001010894775, 0.3590399920940399, 0.040709998458623886], [-0.14385999739170074, 0.3644999861717224, -0.003019999945536256], [0.19053000211715698, 0.09070999920368195, 0.05059000104665756]]"
B358881720201063A0,connected_crop,0.20000000298023224,70.5821533203125,74.3828125,connected_crop,0.5611230731010437,6;12;8,"[[0.0782800018787384, 0.0829399973154068, -0.04355999827384949], [0.07812000066041946, 0.08918999880552292, -0.04495999962091446], [0.07091999799013138, 0.09241999685764313, -0.050360001623630524]]"
B358881720201063A0,connected_crop,0.4000000059604645,54.77039337158203,57.515777587890625,connected_crop,0.9983586668968201,12;0;3,"[[0.026480000466108322, 0.09386000037193298, 0.0846100002527237], [0.026480000466108322, 0.09386000037193298, 0.0846100002527237], [0.026480000466108322, 0.09386000037193298, 0.0846100002527237]]"
B358881720201063A0,hole,0.10000000149011612,62.65548324584961,78.01377868652344,connected_crop,0.5881878137588501,9;2;8,"[[0.06922999769449234, 0.07773999869823456, -0.1398099958896637], [0.06720999628305435, 0.064410001039505, -0.0826599970459938], [0.07240000367164612, 0.06537999957799911, -0.1402599960565567]]"
B358881720201063A0,hole,0.20000000298023224,61.35007095336914,70.10987854003906,connected_crop,0.5230289101600647,1;9;13,"[[0.07412999868392944, 0.0644799992442131, -0.1488499939441681], [0.07412999868392944, 0.0644799992442131, -0.1488499939441681], [0.07412999868392944, 0.0644799992442131, -0.1488499939441681]]"
B358881720201063A0,retriangulate,0.5,54.675655364990234,62.187408447265625,retriangulate,0.999137282371521,4;13;15,"[[0.06077999994158745, 0.11005999892950058, -0.22075000405311584], [0.07960999757051468, 0.12905000150203705, -0.1821800023317337], [0.05601999908685684, 0.06623999774456024, 0.22328999638557434]]"
B358881720201063A0,jpeg50,0.5,69.52891540527344,71.31169891357422,jpeg50,0.9918702840805054,6;10;3,"[[0.09544000029563904, 0.07677000015974045, -0.13773000240325928], [-0.032749999314546585, 0.08233000338077545, 0.1298999935388565], [-0.04092000052332878, 0.08669999986886978, 0.12212999910116196]]"
B358881720201063A0,blur1.5,0.5,66.51902770996094,68.43077087402344,blur1.5,0.9785084128379822,6;10;3,"[[0.09544000029563904, 0.07677000015974045, -0.13773000240325928], [-0.032749999314546585, 0.08233000338077545, 0.1298999935388565], [-0.04092000052332878, 0.08669999986886978, 0.12212999910116196]]"
B358881720201063A0,brightness0.55,0.44999998807907104,33.295536041259766,37.56208419799805,brightness0.55,0.9994890689849854,6;10;3,"[[0.09544000029563904, 0.07677000015974045, -0.13773000240325928], [-0.032749999314546585, 0.08233000338077545, 0.1298999935388565], [-0.04092000052332878, 0.08669999986886978, 0.12212999910116196]]"
B358881720201063A0,downsample32,0.6666666865348816,57.58654022216797,59.85969161987305,downsample32,0.9808939695358276,6;10;3,"[[0.09544000029563904, 0.07677000015974045, -0.13773000240325928], [-0.032749999314546585, 0.08233000338077545, 0.1298999935388565], [-0.04092000052332878, 0.08669999986886978, 0.12212999910116196]]"
B358881720201063A0,occlusion20,0.20000000298023224,79.72779083251953,77.78748321533203,occlusion20,0.9901505708694458,6;10;3,"[[0.09544000029563904, 0.07677000015974045, -0.13773000240325928], [-0.032749999314546585, 0.08233000338077545, 0.1298999935388565], [-0.04092000052332878, 0.08669999986886978, 0.12212999910116196]]"
B358881720201063A0,background_shift,0.5,73.69123840332031,75.0,background_shift,0.9995954632759094,6;10;3,"[[0.09544000029563904, 0.07677000015974045, -0.13773000240325928], [-0.032749999314546585, 0.08233000338077545, 0.1298999935388565], [-0.04092000052332878, 0.08669999986886978, 0.12212999910116196]]"
B358881720201063A0,camera_jitter12,0.5,74.50823974609375,75.0,camera_jitter12,0.9981045722961426,6;10;3,"[[0.09544000029563904, 0.07677000015974045, -0.13773000240325928], [-0.032749999314546585, 0.08233000338077545, 0.1298999935388565], [-0.04092000052332878, 0.08669999986886978, 0.12212999910116196]]"
B358951724501063A0,connected_crop,0.20000000298023224,46.511314392089844,58.631317138671875,connected_crop,0.9999237060546875,8;0;6,"[[0.11896999925374985, 0.10083000361919403, 0.14399999380111694], [0.23788000643253326, 0.08598999679088593, -0.20604999363422394], [0.1279900074005127, 0.05649000033736229, -0.21176999807357788]]"
B358951724501063A0,connected_crop,0.4000000059604645,42.834930419921875,49.512142181396484,connected_crop,0.9998832941055298,4;5;12,"[[0.16391000151634216, 0.05449000000953674, -0.19607999920845032], [0.3647899925708771, 0.11631999909877777, 0.11264999955892563], [0.3614400029182434, 0.05796999856829643, 0.12197999656200409]]"
B358951724501063A0,hole,0.10000000149011612,57.17813491821289,73.38432312011719,connected_crop,0.9999408721923828,0;13;5,"[[0.33011001348495483, 0.04766000062227249, -0.07559999823570251], [0.3639099895954132, 0.09600000083446503, 0.05105999857187271], [0.36594998836517334, 0.11570999771356583, 0.12710000574588776]]"
B358951724501063A0,hole,0.20000000298023224,61.73405456542969,68.6087646484375,connected_crop,0.9995564818382263,0;5;7,"[[0.3463299870491028, 0.08799999952316284, -0.16419999301433563], [0.36594998836517334, 0.11570999771356583, 0.12710000574588776], [0.14674000442028046, 0.04261000081896782, -0.1919499933719635]]"
B358951724501063A0,retriangulate,0.5,53.275634765625,54.35900115966797,retriangulate,0.9999353885650635,8;7;0,"[[-0.35717999935150146, 0.15394000709056854, 0.03767000138759613], [-0.2829500138759613, 0.011429999954998493, 0.19312000274658203], [-0.3377400040626526, 0.01498000044375658, -0.12210000306367874]]"
B358951724501063A0,jpeg50,0.5,74.08223724365234,71.4732894897461,jpeg50,0.9994555115699768,0;5;7,"[[0.3463299870491028, 0.08799999952316284, -0.16419999301433563], [0.36594998836517334, 0.11570999771356583, 0.12710000574588776], [0.14674000442028046, 0.04261000081896782, -0.1919499933719635]]"
B358951724501063A0,blur1.5,0.5,66.68082427978516,67.98006439208984,blur1.5,0.9975115060806274,0;5;7,"[[0.3463299870491028, 0.08799999952316284, -0.16419999301433563], [0.36594998836517334, 0.11570999771356583, 0.12710000574588776], [0.14674000442028046, 0.04261000081896782, -0.1919499933719635]]"
B358951724501063A0,brightness0.55,0.44999998807907104,34.25282669067383,39.4411735534668,brightness0.55,0.9997954964637756,0;5;7,"[[0.3463299870491028, 0.08799999952316284, -0.16419999301433563], [0.36594998836517334, 0.11570999771356583, 0.12710000574588776], [0.14674000442028046, 0.04261000081896782, -0.1919499933719635]]"
B358951724501063A0,downsample32,0.6666666865348816,56.58612060546875,59.3423957824707,downsample32,0.9988734126091003,0;5;7,"[[0.3463299870491028, 0.08799999952316284, -0.16419999301433563], [0.36594998836517334, 0.11570999771356583, 0.12710000574588776], [0.14674000442028046, 0.04261000081896782, -0.1919499933719635]]"
B358951724501063A0,occlusion20,0.20000000298023224,78.86121368408203,79.38274383544922,occlusion20,0.9993128776550293,0;5;7,"[[0.3463299870491028, 0.08799999952316284, -0.16419999301433563], [0.36594998836517334, 0.11570999771356583, 0.12710000574588776], [0.14674000442028046, 0.04261000081896782, -0.1919499933719635]]"
B358951724501063A0,background_shift,0.5,74.0707778930664,75.0,background_shift,0.9993802309036255,0;5;7,"[[0.3463299870491028, 0.08799999952316284, -0.16419999301433563], [0.36594998836517334, 0.11570999771356583, 0.12710000574588776], [0.14674000442028046, 0.04261000081896782, -0.1919499933719635]]"
B358951724501063A0,camera_jitter12,0.5,94.23802947998047,75.0,clean,0.4907108545303345,0;5;7,"[[0.3463299870491028, 0.08799999952316284, -0.16419999301433563], [0.36594998836517334, 0.11570999771356583, 0.12710000574588776], [0.14674000442028046, 0.04261000081896782, -0.1919499933719635]]"
B358971725201063A0,connected_crop,0.20000000298023224,55.330413818359375,58.18706130981445,connected_crop,0.9992444515228271,7;12;2,"[[0.00026000000070780516, 0.021640000864863396, 0.00016999999934341758], [0.00026000000070780516, 0.021640000864863396, 0.00016999999934341758], [0.00026000000070780516, 0.021640000864863396, 0.00016999999934341758]]"
B358971725201063A0,connected_crop,0.4000000059604645,49.83124542236328,34.62641906738281,connected_crop,0.9993689656257629,11;15;2,"[[-0.03197000175714493, -0.02070000022649765, 0.04980999976396561], [-0.03197000175714493, -0.02070000022649765, 0.04980999976396561], [-0.03197000175714493, -0.02070000022649765, 0.04980999976396561]]"
B358971725201063A0,hole,0.10000000149011612,62.95516586303711,75.68096160888672,connected_crop,0.9902633428573608,8;0;4,"[[-0.030959999188780785, 0.03003999963402748, -0.00786999985575676], [-0.030959999188780785, 0.03003999963402748, -0.00786999985575676], [-0.030959999188780785, 0.03003999963402748, -0.00786999985575676]]"
B358971725201063A0,hole,0.20000000298023224,65.8536148071289,66.97966766357422,connected_crop,0.9580196738243103,14;3;6,"[[-0.05105999857187271, 0.020339999347925186, 0.0029299999587237835], [-0.05105999857187271, 0.020339999347925186, 0.0029299999587237835], [-0.05105999857187271, 0.020339999347925186, 0.0029299999587237835]]"
B358971725201063A0,retriangulate,0.5,56.047035217285156,56.83219528198242,retriangulate,0.9959378242492676,0;11;9,"[[0.15108999609947205, 0.03198999911546707, 0.024769999086856842], [0.14431999623775482, 0.028589999303221703, 0.04156000167131424], [0.1555200070142746, 0.011060000397264957, -0.06414999812841415]]"
B358971725201063A0,jpeg50,0.5,69.64069366455078,70.83876037597656,jpeg50,0.9965233206748962,0;4;6,"[[1.9999999494757503e-05, 0.03849999979138374, 9.000000136438757e-05], [1.9999999494757503e-05, 0.03849999979138374, 9.000000136438757e-05], [1.9999999494757503e-05, 0.03849999979138374, 9.000000136438757e-05]]"
B358971725201063A0,blur1.5,0.5,63.889610290527344,67.33800506591797,blur1.5,0.9983702301979065,0;4;6,"[[1.9999999494757503e-05, 0.03849999979138374, 9.000000136438757e-05], [1.9999999494757503e-05, 0.03849999979138374, 9.000000136438757e-05], [1.9999999494757503e-05, 0.03849999979138374, 9.000000136438757e-05]]"
B358971725201063A0,brightness0.55,0.44999998807907104,33.13084411621094,40.16141891479492,brightness0.55,0.9991018772125244,0;4;6,"[[1.9999999494757503e-05, 0.03849999979138374, 9.000000136438757e-05], [1.9999999494757503e-05, 0.03849999979138374, 9.000000136438757e-05], [1.9999999494757503e-05, 0.03849999979138374, 9.000000136438757e-05]]"
B358971725201063A0,downsample32,0.6666666865348816,52.5987434387207,58.65351104736328,downsample32,0.9995546936988831,0;4;6,"[[1.9999999494757503e-05, 0.03849999979138374, 9.000000136438757e-05], [1.9999999494757503e-05, 0.03849999979138374, 9.000000136438757e-05], [1.9999999494757503e-05, 0.03849999979138374, 9.000000136438757e-05]]"
B358971725201063A0,occlusion20,0.20000000298023224,77.8183364868164,79.9871826171875,occlusion20,0.9040209054946899,0;4;6,"[[1.9999999494757503e-05, 0.03849999979138374, 9.000000136438757e-05], [1.9999999494757503e-05, 0.03849999979138374, 9.000000136438757e-05], [1.9999999494757503e-05, 0.03849999979138374, 9.000000136438757e-05]]"
B358971725201063A0,background_shift,0.5,73.53365325927734,75.0,background_shift,0.9993656277656555,0;4;6,"[[1.9999999494757503e-05, 0.03849999979138374, 9.000000136438757e-05], [1.9999999494757503e-05, 0.03849999979138374, 9.000000136438757e-05], [1.9999999494757503e-05, 0.03849999979138374, 9.000000136438757e-05]]"
B358971725201063A0,camera_jitter12,0.5,75.68009185791016,75.0,camera_jitter12,0.9989884495735168,0;4;6,"[[1.9999999494757503e-05, 0.03849999979138374, 9.000000136438757e-05], [1.9999999494757503e-05, 0.03849999979138374, 9.000000136438757e-05], [1.9999999494757503e-05, 0.03849999979138374, 9.000000136438757e-05]]"
B358971737901063A0,connected_crop,0.20000000298023224,63.48580551147461,63.47105026245117,connected_crop,0.9811767339706421,2;15;11,"[[0.19081999361515045, 0.2673099935054779, -0.17597000300884247], [0.21705999970436096, 0.20909999310970306, -0.13264000415802002], [0.20781999826431274, -0.2299399971961975, -0.02102000080049038]]"
B358971737901063A0,connected_crop,0.4000000059604645,65.43605041503906,49.16607666015625,connected_crop,0.7690504789352417,9;6;12,"[[0.22064000368118286, 0.3527199923992157, 0.12132000178098679], [0.20263999700546265, 0.03229000046849251, -0.17789000272750854], [0.24116000533103943, 0.19346000254154205, 0.061089999973773956]]"
B358971737901063A0,hole,0.10000000149011612,76.94351196289062,69.60147857666016,hole,0.551288366317749,8;5;13,"[[0.21527999639511108, 0.17030000686645508, -0.04408000037074089], [0.17844000458717346, -0.13741999864578247, 0.1349799931049347], [0.2325199991464615, -0.1248600035905838, -0.05804000049829483]]"
B358971737901063A0,hole,0.20000000298023224,60.83576583862305,63.04434585571289,connected_crop,0.9852524399757385,2;9;10,"[[0.20961999893188477, 0.2543199956417084, -0.18524999916553497], [0.08331000059843063, 0.3471899926662445, 0.08296000212430954], [0.22156000137329102, -0.13334999978542328, 0.08500999957323074]]"
B358971737901063A0,retriangulate,0.5,55.42511749267578,52.53798294067383,retriangulate,0.9998227953910828,6;7;2,"[[0.16874000430107117, 0.34025999903678894, 0.17042000591754913], [0.20348000526428223, -0.37307000160217285, 0.12676000595092773], [0.21017999947071075, 0.25488999485969543, -0.18570999801158905]]"
B358971737901063A0,jpeg50,0.5,72.1924057006836,69.41156768798828,jpeg50,0.9999628067016602,2;10;0,"[[0.20961999893188477, 0.2543199956417084, -0.18524999916553497], [0.22156000137329102, -0.13334999978542328, 0.08500999957323074], [0.18838000297546387, -0.28850001096725464, -0.12255000323057175]]"
B358971737901063A0,blur1.5,0.5,56.40218734741211,64.98030090332031,blur1.5,0.6828866600990295,2;10;0,"[[0.20961999893188477, 0.2543199956417084, -0.18524999916553497], [0.22156000137329102, -0.13334999978542328, 0.08500999957323074], [0.18838000297546387, -0.28850001096725464, -0.12255000323057175]]"
B358971737901063A0,brightness0.55,0.44999998807907104,34.57600402832031,40.563880920410156,brightness0.55,0.9999109506607056,2;10;0,"[[0.20961999893188477, 0.2543199956417084, -0.18524999916553497], [0.22156000137329102, -0.13334999978542328, 0.08500999957323074], [0.18838000297546387, -0.28850001096725464, -0.12255000323057175]]"
B358971737901063A0,downsample32,0.6666666865348816,53.029083251953125,56.32316589355469,downsample32,0.9998947381973267,2;10;0,"[[0.20961999893188477, 0.2543199956417084, -0.18524999916553497], [0.22156000137329102, -0.13334999978542328, 0.08500999957323074], [0.18838000297546387, -0.28850001096725464, -0.12255000323057175]]"
B358971737901063A0,occlusion20,0.20000000298023224,82.5916519165039,80.00386810302734,occlusion20,0.9998568296432495,2;10;0,"[[0.20961999893188477, 0.2543199956417084, -0.18524999916553497], [0.22156000137329102, -0.13334999978542328, 0.08500999957323074], [0.18838000297546387, -0.28850001096725464, -0.12255000323057175]]"
B358971737901063A0,background_shift,0.5,74.70154571533203,75.0,background_shift,0.9999161958694458,2;10;0,"[[0.20961999893188477, 0.2543199956417084, -0.18524999916553497], [0.22156000137329102, -0.13334999978542328, 0.08500999957323074], [0.18838000297546387, -0.28850001096725464, -0.12255000323057175]]"
B358971737901063A0,camera_jitter12,0.5,75.01648712158203,75.0,camera_jitter12,0.9998255372047424,2;10;0,"[[0.20961999893188477, 0.2543199956417084, -0.18524999916553497], [0.22156000137329102, -0.13334999978542328, 0.08500999957323074], [0.18838000297546387, -0.28850001096725464, -0.12255000323057175]]"
B359021721701063A0,connected_crop,0.20000000298023224,43.702415466308594,67.63064575195312,connected_crop,0.9978340268135071,3;14;9,"[[0.18643000721931458, 0.05113000050187111, 0.004310000222176313], [0.15982000529766083, 0.05375999957323074, 0.07993000000715256], [0.1787700057029724, 0.0414699986577034, -0.11721999943256378]]"
B359021721701063A0,connected_crop,0.4000000059604645,41.952674865722656,37.62493896484375,connected_crop,0.9998192191123962,8;14;12,"[[0.20009000599384308, 0.04794999957084656, -0.01590999960899353], [0.19880999624729156, 0.05164000019431114, -0.014870000071823597], [0.1671299934387207, 0.03051000088453293, -0.3343299925327301]]"
B359021721701063A0,hole,0.10000000149011612,45.875911712646484,78.86266326904297,connected_crop,0.9986388087272644,2;13;1,"[[0.17710000276565552, 0.06222999840974808, 0.06522999703884125], [0.15220999717712402, 0.06723000109195709, -0.06947000324726105], [0.1111999973654747, 0.024170000106096268, -0.3960300087928772]]"
B359021721701063A0,hole,0.20000000298023224,54.532325744628906,64.19187927246094,connected_crop,0.4785521626472473,2;11;13,"[[0.19750000536441803, 0.03677999973297119, 0.0254100002348423], [0.17741000652313232, 0.03691000118851662, -0.11832000315189362], [0.16366000473499298, 0.029079999774694443, 0.26405999064445496]]"
B359021721701063A0,retriangulate,0.5,50.17143630981445,61.77766799926758,retriangulate,0.9995608925819397,1;4;0,"[[0.13655999302864075, 0.00791999977082014, -0.40380001068115234], [0.17624999582767487, 0.03175000101327896, 0.32763999700546265], [-0.10042999684810638, 0.03260999917984009, 0.35089999437332153]]"
B359021721701063A0,jpeg50,0.5,70.96063995361328,72.13130950927734,jpeg50,0.9990642666816711,2;9;15,"[[0.1855500042438507, 0.0524899996817112, 0.017820000648498535], [0.17600999772548676, 0.042649999260902405, -0.11715999990701675], [0.17034000158309937, 0.061900001019239426, -0.08107999712228775]]"
B359021721701063A0,blur1.5,0.5,61.902503967285156,68.59304809570312,blur1.5,0.9981129169464111,2;9;15,"[[0.1855500042438507, 0.0524899996817112, 0.017820000648498535], [0.17600999772548676, 0.042649999260902405, -0.11715999990701675], [0.17034000158309937, 0.061900001019239426, -0.08107999712228775]]"
B359021721701063A0,brightness0.55,0.44999998807907104,33.94599151611328,36.210716247558594,brightness0.55,0.9996575117111206,2;9;15,"[[0.1855500042438507, 0.0524899996817112, 0.017820000648498535], [0.17600999772548676, 0.042649999260902405, -0.11715999990701675], [0.17034000158309937, 0.061900001019239426, -0.08107999712228775]]"
B359021721701063A0,downsample32,0.6666666865348816,54.66741943359375,60.03739929199219,downsample32,0.9996316432952881,2;9;15,"[[0.1855500042438507, 0.0524899996817112, 0.017820000648498535], [0.17600999772548676, 0.042649999260902405, -0.11715999990701675], [0.17034000158309937, 0.061900001019239426, -0.08107999712228775]]"
B359021721701063A0,occlusion20,0.20000000298023224,79.65658569335938,75.91336059570312,occlusion20,0.9995594620704651,2;9;15,"[[0.1855500042438507, 0.0524899996817112, 0.017820000648498535], [0.17600999772548676, 0.042649999260902405, -0.11715999990701675], [0.17034000158309937, 0.061900001019239426, -0.08107999712228775]]"
B359021721701063A0,background_shift,0.5,74.62069702148438,75.0,background_shift,0.9998342990875244,2;9;15,"[[0.1855500042438507, 0.0524899996817112, 0.017820000648498535], [0.17600999772548676, 0.042649999260902405, -0.11715999990701675], [0.17034000158309937, 0.061900001019239426, -0.08107999712228775]]"
B359021721701063A0,camera_jitter12,0.5,80.2167739868164,75.0,camera_jitter12,0.41444775462150574,2;9;15,"[[0.1855500042438507, 0.0524899996817112, 0.017820000648498535], [0.17600999772548676, 0.042649999260902405, -0.11715999990701675], [0.17034000158309937, 0.061900001019239426, -0.08107999712228775]]"
B359531738801063A0,connected_crop,0.20000000298023224,52.16978073120117,56.83391571044922,connected_crop,0.9980453252792358,1;11;10,"[[0.09337999671697617, 0.40724000334739685, -0.045660000294446945], [0.09252999722957611, 0.37716999650001526, 0.031139999628067017], [-0.06289000064134598, 0.3696799874305725, -0.053599998354911804]]"
B359531738801063A0,connected_crop,0.4000000059604645,39.48883056640625,33.66941833496094,connected_crop,0.9604207873344421,1;12;7,"[[0.08088000118732452, 0.41771000623703003, -0.022670000791549683], [0.07186000049114227, 0.4201200008392334, 0.03917999938130379], [0.08828999847173691, 0.38086000084877014, 0.038270000368356705]]"
B359531738801063A0,hole,0.10000000149011612,50.777496337890625,79.64595031738281,connected_crop,0.9985114932060242,1;12;3,"[[-0.04503000155091286, 0.3698199987411499, -0.046160001307725906], [0.07525999844074249, 0.21928000450134277, -0.012690000236034393], [0.07580000162124634, 0.21901999413967133, 0.009229999966919422]]"
B359531738801063A0,hole,0.20000000298023224,56.986854553222656,74.36656951904297,connected_crop,0.9492318034172058,12;3;13,"[[0.07525999844074249, 0.21928000450134277, -0.012690000236034393], [0.07580000162124634, 0.21901999413967133, 0.009229999966919422], [-0.040470000356435776, 0.34040001034736633, 0.026639999821782112]]"
B359531738801063A0,retriangulate,0.5,54.02799987792969,58.76445007324219,retriangulate,0.9998307228088379,13;3;6,"[[0.07511000335216522, 0.2184399962425232, -0.01607000082731247], [0.07554999738931656, 0.21724000573158264, 0.01319000031799078], [-0.009039999917149544, 0.23149999976158142, -0.018559999763965607]]"
B359531738801063A0,jpeg50,0.5,72.97871398925781,73.22827911376953,jpeg50,0.9973226189613342,12;3;13,"[[0.07525999844074249, 0.21928000450134277, -0.012690000236034393], [0.07580000162124634, 0.21901999413967133, 0.009229999966919422], [-0.040470000356435776, 0.34040001034736633, 0.026639999821782112]]"
B359531738801063A0,blur1.5,0.5,64.64313507080078,69.58938598632812,blur1.5,0.9988710284233093,12;3;13,"[[0.07525999844074249, 0.21928000450134277, -0.012690000236034393], [0.07580000162124634, 0.21901999413967133, 0.009229999966919422], [-0.040470000356435776, 0.34040001034736633, 0.026639999821782112]]"
B359531738801063A0,brightness0.55,0.44999998807907104,33.687347412109375,36.46510696411133,brightness0.55,0.9993775486946106,12;3;13,"[[0.07525999844074249, 0.21928000450134277, -0.012690000236034393], [0.07580000162124634, 0.21901999413967133, 0.009229999966919422], [-0.040470000356435776, 0.34040001034736633, 0.026639999821782112]]"
B359531738801063A0,downsample32,0.6666666865348816,58.763607025146484,60.97964096069336,downsample32,0.947302520275116,12;3;13,"[[0.07525999844074249, 0.21928000450134277, -0.012690000236034393], [0.07580000162124634, 0.21901999413967133, 0.009229999966919422], [-0.040470000356435776, 0.34040001034736633, 0.026639999821782112]]"
B359531738801063A0,occlusion20,0.20000000298023224,77.50006103515625,75.54750061035156,occlusion20,0.9989566802978516,12;3;13,"[[0.07525999844074249, 0.21928000450134277, -0.012690000236034393], [0.07580000162124634, 0.21901999413967133, 0.009229999966919422], [-0.040470000356435776, 0.34040001034736633, 0.026639999821782112]]"
B359531738801063A0,background_shift,0.5,74.01642608642578,75.0,background_shift,0.9996566772460938,12;3;13,"[[0.07525999844074249, 0.21928000450134277, -0.012690000236034393], [0.07580000162124634, 0.21901999413967133, 0.009229999966919422], [-0.040470000356435776, 0.34040001034736633, 0.026639999821782112]]"
B359531738801063A0,camera_jitter12,0.5,77.3493423461914,75.0,camera_jitter12,0.9772661328315735,12;3;13,"[[0.07525999844074249, 0.21928000450134277, -0.012690000236034393], [0.07580000162124634, 0.21901999413967133, 0.009229999966919422], [-0.040470000356435776, 0.34040001034736633, 0.026639999821782112]]"
B359621716601063A1,connected_crop,0.20000000298023224,62.012630462646484,73.17835998535156,connected_crop,0.997759222984314,1;15;6,"[[0.4332999885082245, 0.06318999826908112, 0.007000000216066837], [0.3178099989891052, 0.06304000318050385, 0.0800200030207634], [0.20442000031471252, 0.11731000244617462, -0.0035200000274926424]]"
B359621716601063A1,connected_crop,0.4000000059604645,60.87440872192383,64.0927963256836,connected_crop,0.9977941513061523,1;15;6,"[[0.4332999885082245, 0.06318999826908112, 0.007000000216066837], [0.3178099989891052, 0.06304000318050385, 0.0800200030207634], [0.20442000031471252, 0.11731000244617462, -0.0035200000274926424]]"
B359621716601063A1,hole,0.10000000149011612,67.86209106445312,78.97852325439453,hole,0.7004677057266235,13;1;15,"[[0.2406100034713745, 0.044920001178979874, -0.0030799999367445707], [0.43494999408721924, 0.05959000065922737, 0.00482999999076128], [0.31595999002456665, 0.05923999845981598, 0.0817900002002716]]"
B359621716601063A1,hole,0.20000000298023224,55.144630432128906,66.64466094970703,hole,0.999306321144104,8;1;13,"[[0.42636001110076904, -0.017020000144839287, -0.0029899999499320984], [0.43494999408721924, 0.05959000065922737, 0.00482999999076128], [0.3244900107383728, 0.057420000433921814, 0.07575999945402145]]"
B359621716601063A1,retriangulate,0.5,57.113765716552734,59.51469039916992,retriangulate,0.9917412996292114,14;1;8,"[[0.10040000081062317, 0.12815000116825104, 0.09522999823093414], [0.43612998723983765, 0.058729998767375946, 0.023310000076889992], [-0.06013999879360199, 0.14192000031471252, -0.08801999688148499]]"
B359621716601063A1,jpeg50,0.5,72.51284790039062,69.58464050292969,jpeg50,0.9999321699142456,1;15;6,"[[0.43494999408721924, 0.05959000065922737, 0.00482999999076128], [0.31595999002456665, 0.05923999845981598, 0.0817900002002716], [0.20389999449253082, 0.1130099967122078, -0.0035099999513477087]]"
B359621716601063A1,blur1.5,0.5,68.43077850341797,60.61227798461914,blur1.5,0.997623860836029,1;15;6,"[[0.43494999408721924, 0.05959000065922737, 0.00482999999076128], [0.31595999002456665, 0.05923999845981598, 0.0817900002002716], [0.20389999449253082, 0.1130099967122078, -0.0035099999513477087]]"
B359621716601063A1,brightness0.55,0.44999998807907104,32.7805290222168,33.52206802368164,brightness0.55,0.9998575448989868,1;15;6,"[[0.43494999408721924, 0.05959000065922737, 0.00482999999076128], [0.31595999002456665, 0.05923999845981598, 0.0817900002002716], [0.20389999449253082, 0.1130099967122078, -0.0035099999513477087]]"
B359621716601063A1,downsample32,0.6666666865348816,54.27033996582031,52.04295349121094,downsample32,0.99981290102005,1;15;6,"[[0.43494999408721924, 0.05959000065922737, 0.00482999999076128], [0.31595999002456665, 0.05923999845981598, 0.0817900002002716], [0.20389999449253082, 0.1130099967122078, -0.0035099999513477087]]"
B359621716601063A1,occlusion20,0.20000000298023224,77.16275787353516,69.11714935302734,occlusion20,0.9999359846115112,1;15;6,"[[0.43494999408721924, 0.05959000065922737, 0.00482999999076128], [0.31595999002456665, 0.05923999845981598, 0.0817900002002716], [0.20389999449253082, 0.1130099967122078, -0.0035099999513477087]]"
B359621716601063A1,background_shift,0.5,72.08802795410156,75.0,background_shift,0.9999599456787109,1;15;6,"[[0.43494999408721924, 0.05959000065922737, 0.00482999999076128], [0.31595999002456665, 0.05923999845981598, 0.0817900002002716], [0.20389999449253082, 0.1130099967122078, -0.0035099999513477087]]"
B359621716601063A1,camera_jitter12,0.5,73.8212661743164,75.0,camera_jitter12,0.9999057054519653,1;15;6,"[[0.43494999408721924, 0.05959000065922737, 0.00482999999076128], [0.31595999002456665, 0.05923999845981598, 0.0817900002002716], [0.20389999449253082, 0.1130099967122078, -0.0035099999513477087]]"
B359761718602063A1,connected_crop,0.20000000298023224,61.40762710571289,75.70858001708984,connected_crop,0.9991519451141357,6;14;3,"[[0.28624001145362854, 0.024730000644922256, 0.025200000032782555], [0.2857300043106079, 0.03252999857068062, 0.14648999273777008], [-0.03294000029563904, -0.003100000089034438, -0.05480000004172325]]"
B359761718602063A1,connected_crop,0.4000000059604645,63.29567337036133,63.76063919067383,connected_crop,0.9914872646331787,6;14;0,"[[0.28411999344825745, 0.024779999628663063, 0.13178999722003937], [0.27098000049591064, 0.031050000339746475, 0.1745000034570694], [0.3042699992656708, 0.023110000416636467, 0.22413000464439392]]"
B359761718602063A1,hole,0.10000000149011612,68.5655288696289,80.05663299560547,hole,0.9963753819465637,6;3;15,"[[0.286080002784729, 0.02232999913394451, 0.025189999490976334], [-0.032180000096559525, -0.005789999850094318, -0.05691000074148178], [0.1267700046300888, 0.016850000247359276, 0.007499999832361937]]"
B359761718602063A1,hole,0.20000000298023224,77.16374206542969,73.36746215820312,hole,0.9992105960845947,12;5;3,"[[0.2987399995326996, 0.02850000001490116, 0.12594999372959137], [0.19645999372005463, 0.037780001759529114, 0.0709099993109703], [-0.05869999900460243, -0.025459999218583107, -0.09571000188589096]]"
B359761718602063A1,retriangulate,0.5,54.175907135009766,62.20338439941406,retriangulate,0.9999439716339111,7;8;9,"[[0.10332000255584717, 0.03353000059723854, 0.1431799978017807], [-0.12146999686956406, -0.042580001056194305, -0.25613999366760254], [-0.11582999676465988, -0.019020000472664833, 0.13117000460624695]]"
B359761718602063A1,jpeg50,0.5,71.71623992919922,69.0702896118164,jpeg50,0.9999830722808838,6;3;15,"[[0.286080002784729, 0.02232999913394451, 0.025189999490976334], [-0.032919999212026596, -0.005489999894052744, -0.05477000027894974], [0.1267700046300888, 0.016850000247359276, 0.007499999832361937]]"
B359761718602063A1,blur1.5,0.5,61.571598052978516,62.81896209716797,blur1.5,0.9999034404754639,6;3;15,"[[0.286080002784729, 0.02232999913394451, 0.025189999490976334], [-0.032919999212026596, -0.005489999894052744, -0.05477000027894974], [0.1267700046300888, 0.016850000247359276, 0.007499999832361937]]"
B359761718602063A1,brightness0.55,0.44999998807907104,31.84433937072754,34.00513458251953,brightness0.55,0.9999427795410156,6;3;15,"[[0.286080002784729, 0.02232999913394451, 0.025189999490976334], [-0.032919999212026596, -0.005489999894052744, -0.05477000027894974], [0.1267700046300888, 0.016850000247359276, 0.007499999832361937]]"
B359761718602063A1,downsample32,0.6666666865348816,52.13056945800781,54.08000183105469,downsample32,0.9999387264251709,6;3;15,"[[0.286080002784729, 0.02232999913394451, 0.025189999490976334], [-0.032919999212026596, -0.005489999894052744, -0.05477000027894974], [0.1267700046300888, 0.016850000247359276, 0.007499999832361937]]"
B359761718602063A1,occlusion20,0.20000000298023224,77.83092498779297,71.51467895507812,occlusion20,0.9999651908874512,6;3;15,"[[0.286080002784729, 0.02232999913394451, 0.025189999490976334], [-0.032919999212026596, -0.005489999894052744, -0.05477000027894974], [0.1267700046300888, 0.016850000247359276, 0.007499999832361937]]"
B359761718602063A1,background_shift,0.5,71.0943374633789,75.0,background_shift,0.9999425411224365,6;3;15,"[[0.286080002784729, 0.02232999913394451, 0.025189999490976334], [-0.032919999212026596, -0.005489999894052744, -0.05477000027894974], [0.1267700046300888, 0.016850000247359276, 0.007499999832361937]]"
B359761718602063A1,camera_jitter12,0.5,74.95591735839844,75.0,camera_jitter12,0.9993019104003906,6;3;15,"[[0.286080002784729, 0.02232999913394451, 0.025189999490976334], [-0.032919999212026596, -0.005489999894052744, -0.05477000027894974], [0.1267700046300888, 0.016850000247359276, 0.007499999832361937]]"
